signalDate,exitDate,strategyVersion,code,dayChangePct,entryPrice,exitPrice,grossPnl,frictionPct,pnl,sample
2016-02-11,2016-02-12,etf_dip_overnight_v1,233740,-9.749894022891059,10645.0,10370.0,-2.5833724753405396,0.12394081728511039,-2.70731329262565,design
2016-02-12,2016-02-15,etf_dip_overnight_v1,233740,-14.513856270549553,9100.0,9300.0,2.19780219780219,0.1398901098901099,2.0579120879120802,design
2016-02-17,2016-02-18,etf_dip_overnight_v1,233740,-5.384615384615388,9225.0,9470.0,2.6558265582655727,0.13840108401084011,2.5174254742547326,design
2016-05-02,2016-05-03,etf_dip_overnight_v1,233740,-3.3538025507794056,10230.0,10280.0,0.4887585532746819,0.12775171065493646,0.3610068426197454,design
2016-05-18,2016-05-19,etf_dip_overnight_v1,233740,-3.046421663442944,10025.0,10080.0,0.5486284289276888,0.12975062344139648,0.41887780548629233,design
2016-06-13,2016-06-14,etf_dip_overnight_v1,233740,-3.9871677360220015,10475.0,10405.0,-0.6682577565632508,0.1254653937947494,-0.7937231503580002,design
2016-06-16,2016-06-17,etf_dip_overnight_v1,233740,-3.5933806146572156,10195.0,10305.0,1.078960274644425,0.1280872976949485,0.9508729769494764,design
2016-06-24,2016-06-27,etf_dip_overnight_v1,233740,-9.313725490196079,9250.0,8975.0,-2.972972972972976,0.1381081081081081,-3.111081081081084,design
2016-08-29,2016-08-30,etf_dip_overnight_v1,233740,-4.600000000000004,9540.0,9700.0,1.6771488469601747,0.1348218029350105,1.5423270440251642,design
2016-10-07,2016-10-10,etf_dip_overnight_v1,233740,-3.2110091743119296,9495.0,9560.0,0.6845708267509298,0.13531858873091102,0.5492522380200189,design
2016-11-02,2016-11-03,etf_dip_overnight_v1,233740,-4.469914040114609,8335.0,8300.0,-0.4199160167966398,0.14997600479904016,-0.56989202159568,design
2016-11-09,2016-11-10,etf_dip_overnight_v1,233740,-6.5668202764976975,8110.0,8410.0,3.6991368680641123,0.15330456226880396,3.5458323057953085,design
2016-11-21,2016-11-22,etf_dip_overnight_v1,233740,-3.3132530120481896,8025.0,8100.0,0.9345794392523255,0.1546105919003115,0.7799688473520139,design
2016-12-02,2016-12-05,etf_dip_overnight_v1,233740,-3.0658838878017014,7430.0,7360.0,-0.9421265141319024,0.16458950201884254,-1.106716016150745,design
2017-01-10,2017-01-11,etf_dip_overnight_v1,233740,-3.0303030303030276,8320.0,8330.0,0.12019230769231282,0.15019230769230768,-0.029999999999994864,design
2017-04-10,2017-04-11,etf_dip_overnight_v1,233740,-4.7350620067643785,8450.0,8450.0,0.0,0.1483431952662722,-0.1483431952662722,design
2017-06-12,2017-06-13,etf_dip_overnight_v1,233740,-3.288846520495714,10145.0,10135.0,-0.09857072449482862,0.12857072449482504,-0.22714144898965366,design
2017-07-28,2017-07-31,etf_dip_overnight_v1,233740,-4.331625523986959,10270.0,10070.0,-1.9474196689386547,0.12737098344693282,-2.0747906523855875,design
2017-08-03,2017-08-04,etf_dip_overnight_v1,233740,-5.082284607938048,9805.0,9780.0,-0.2549719530851591,0.13198878123406427,-0.38696073431922334,design
2017-08-11,2017-08-14,etf_dip_overnight_v1,233740,-4.1940373926225405,9480.0,9595.0,1.2130801687763704,0.13548523206751054,1.0775949367088598,design
2017-09-04,2017-09-05,etf_dip_overnight_v1,233740,-3.1583836507199203,10425.0,10530.0,1.0071942446043147,0.12592326139088728,0.8812709832134275,design
2017-10-26,2017-10-27,etf_dip_overnight_v1,233740,-4.0421792618629215,13650.0,13805.0,1.1355311355311315,0.10326007326007326,1.0322710622710582,design
2017-11-17,2017-11-20,etf_dip_overnight_v1,233740,-3.0348258706467623,19490.0,19455.0,-0.17957927142123742,0.08130836326321189,-0.2608876346844493,design
2017-11-22,2017-11-23,etf_dip_overnight_v1,233740,-4.830446450353742,19505.0,19170.0,-1.7175083311971262,0.08126890540886952,-1.7987772366059958,design
2017-11-24,2017-11-27,etf_dip_overnight_v1,233740,-4.041626331074544,19825.0,19600.0,-1.1349306431273631,0.08044136191677176,-1.2153720050441348,design
2017-11-28,2017-11-29,etf_dip_overnight_v1,233740,-6.964921199796647,18300.0,18420.0,0.6557377049180246,0.0846448087431694,0.5710928961748553,design
2017-12-05,2017-12-06,etf_dip_overnight_v1,233740,-4.6875,17995.0,18160.0,0.9169213670463972,0.08557099194220616,0.831350375104191,design
2017-12-07,2017-12-08,etf_dip_overnight_v1,233740,-4.2165242165242205,16810.0,16750.0,-0.35693039857227493,0.0894883997620464,-0.4464187983343213,design
2017-12-20,2017-12-21,etf_dip_overnight_v1,233740,-3.249414519906324,16525.0,16395.0,-0.786686838124051,0.0905143721633888,-0.8772012102874398,design
2017-12-21,2017-12-22,etf_dip_overnight_v1,233740,-3.17700453857791,16000.0,16065.0,0.406250000000008,0.0925,0.31375000000000797,design
2018-01-04,2018-01-05,etf_dip_overnight_v1,233740,-5.454114299264878,19935.0,20000.0,0.3260596940055205,0.08016302984700274,0.24589666415851774,design
2018-01-17,2018-01-18,etf_dip_overnight_v1,233740,-5.476316252861424,26840.0,27100.0,0.9687034277198192,0.06725782414307005,0.9014456035767492,design
2018-01-19,2018-01-22,etf_dip_overnight_v1,233740,-7.265112891478509,25465.0,24865.0,-2.356175142352246,0.0692695857058708,-2.4254447280581166,design
2018-02-01,2018-02-02,etf_dip_overnight_v1,233740,-3.7571719415139704,26000.0,26035.0,0.13461538461538858,0.06846153846153846,0.06615384615385012,design
2018-02-05,2018-02-06,etf_dip_overnight_v1,233740,-10.777863777089781,23055.0,21215.0,-7.980915202775973,0.07337453914552158,-8.054289741921496,design
2018-02-07,2018-02-08,etf_dip_overnight_v1,233740,-8.92857142857143,21420.0,21535.0,0.5368814192343585,0.07668534080298786,0.46019607843137067,design
2018-02-09,2018-02-12,etf_dip_overnight_v1,233740,-6.976744186046513,22000.0,22590.0,2.681818181818185,0.07545454545454545,2.6063636363636395,design
2018-02-13,2018-02-14,etf_dip_overnight_v1,233740,-5.131128848346633,20800.0,21075.0,1.3221153846153744,0.07807692307692307,1.2440384615384512,design
2018-02-20,2018-02-21,etf_dip_overnight_v1,233740,-4.480100020837674,22920.0,23120.0,0.8726003490401313,0.07363001745200698,0.7989703315881242,design
2018-02-28,2018-03-02,etf_dip_overnight_v1,233740,-4.388185654008437,22660.0,21900.0,-3.3539276257722905,0.0741306266548985,-3.428058252427189,design
2018-03-05,2018-03-06,etf_dip_overnight_v1,233740,-3.200522534291317,22230.0,22710.0,2.1592442645074206,0.07498425551057131,2.084260008996849,design
2018-03-07,2018-03-08,etf_dip_overnight_v1,233740,-4.953493402552455,21970.0,22355.0,1.7523896222121138,0.07551661356395084,1.676873008648163,design
2018-03-19,2018-03-20,etf_dip_overnight_v1,233740,-3.796445880452337,23820.0,23450.0,-1.5533165407220828,0.07198152812762385,-1.6252980688497067,design
2018-03-22,2018-03-23,etf_dip_overnight_v1,233740,-4.160688665710188,23380.0,22000.0,-5.902480752780159,0.0727715996578272,-5.975252352437986,design
2018-03-23,2018-03-26,etf_dip_overnight_v1,233740,-12.29683490162532,20505.0,20800.0,1.4386734942696933,0.0787685930260912,1.359904901243602,design
2018-04-19,2018-04-20,etf_dip_overnight_v1,233740,-3.3816425120772986,22000.0,22040.0,0.1818181818181719,0.07545454545454545,0.10636363636362643,design
2018-04-23,2018-04-24,etf_dip_overnight_v1,233740,-3.594845127741353,21320.0,21400.0,0.37523452157599557,0.07690431519699811,0.29833020637899743,design
2018-04-30,2018-05-02,etf_dip_overnight_v1,233740,-3.886602652034754,21020.0,20565.0,-2.1646051379638487,0.07757373929590866,-2.2421788772597573,design
2018-05-04,2018-05-08,etf_dip_overnight_v1,233740,-4.785397138628511,19300.0,19510.0,1.0880829015543991,0.08181347150259066,1.0062694300518085,design
2018-05-08,2018-05-09,etf_dip_overnight_v1,233740,-8.290155440414503,17700.0,17810.0,0.621468926553681,0.08649717514124294,0.5349717514124381,design
2018-05-14,2018-05-15,etf_dip_overnight_v1,233740,-4.50077599586135,18460.0,18735.0,1.489707475622959,0.0841711809317443,1.4055362946912147,design
2018-05-29,2018-05-30,etf_dip_overnight_v1,233740,-3.9448209099709586,19845.0,20105.0,1.3101536911060752,0.08039052658100278,1.2297631645250724,design
2018-06-08,2018-06-11,etf_dip_overnight_v1,233740,-3.1461761858664117,20010.0,20100.0,0.4497751124437732,0.07997501249375312,0.3698000999500201,design
2018-06-18,2018-06-19,etf_dip_overnight_v1,233740,-6.523388116308471,18485.0,18420.0,-0.3516364619962187,0.08409791723018664,-0.43573437922640534,design
2018-06-19,2018-06-20,etf_dip_overnight_v1,233740,-5.653232350554505,17440.0,17605.0,0.9461009174311918,0.0873394495412844,0.8587614678899075,design
2018-06-21,2018-06-22,etf_dip_overnight_v1,233740,-4.443254817987152,17850.0,17700.0,-0.8403361344537785,0.08602240896358543,-0.926358543417364,design
2018-06-28,2018-06-29,etf_dip_overnight_v1,233740,-4.1322314049586755,17400.0,17660.0,1.4942528735632177,0.08747126436781609,1.4067816091954015,design
2018-07-02,2018-07-03,etf_dip_overnight_v1,233740,-6.653565412689499,16625.0,16935.0,1.8646616541353467,0.09015037593984962,1.774511278195497,design
2018-07-11,2018-07-12,etf_dip_overnight_v1,233740,-4.804469273743017,17040.0,17090.0,0.2934272300469498,0.08868544600938967,0.20474178403756016,design
2018-07-19,2018-07-20,etf_dip_overnight_v1,233740,-3.315727699530513,16475.0,16455.0,-0.12139605462822001,0.09069802731411229,-0.2120940819423323,design
2018-07-23,2018-07-24,etf_dip_overnight_v1,233740,-10.278637770897836,14490.0,14605.0,0.7936507936507908,0.09901311249137336,0.6946376811594175,design
2018-07-25,2018-07-26,etf_dip_overnight_v1,233740,-4.873833390943661,13760.0,14035.0,1.9985465116278966,0.10267441860465117,1.8958720930232456,design
2018-08-02,2018-08-03,etf_dip_overnight_v1,233740,-4.082288653166188,14920.0,15120.0,1.3404825737265424,0.09702412868632708,1.2434584450402153,design
2018-08-06,2018-08-07,etf_dip_overnight_v1,233740,-3.131115459882583,14850.0,14870.0,0.13468013468014295,0.09734006734006734,0.03734006734007561,design
2018-08-13,2018-08-14,etf_dip_overnight_v1,233740,-7.598684210526319,14045.0,14105.0,0.4271982912068317,0.1011997152011392,0.32599857600569254,design
2018-09-05,2018-09-06,etf_dip_overnight_v1,233740,-3.190287972896666,17145.0,17155.0,0.05832604257800522,0.08832604257801108,-0.030000000000005855,design
2018-10-02,2018-10-04,etf_dip_overnight_v1,233740,-7.0239774330042355,16480.0,16585.0,0.637135922330101,0.09067961165048544,0.5464563106796155,design
2018-10-05,2018-10-08,etf_dip_overnight_v1,233740,-4.415823367065319,15585.0,15500.0,-0.5453962143086355,0.09416426050689766,-0.6395604748155331,design
2018-10-11,2018-10-12,etf_dip_overnight_v1,233740,-8.78081729145559,13505.0,13645.0,1.0366530914476035,0.10404664938911515,0.9326064420584884,design
2018-10-15,2018-10-16,etf_dip_overnight_v1,233740,-5.248713550600348,13810.0,14030.0,1.5930485155684293,0.10241129616220129,1.490637219406228,design
2018-10-18,2018-10-19,etf_dip_overnight_v1,233740,-3.5136066138477418,14005.0,13840.0,-1.1781506604784053,0.10140307033202428,-1.2795537308104297,design
2018-10-23,2018-10-24,etf_dip_overnight_v1,233740,-6.7882472137791305,13800.0,14070.0,1.9565217391304346,0.10246376811594203,1.8540579710144927,design
2018-10-24,2018-10-25,etf_dip_overnight_v1,233740,-5.398550724637685,13055.0,12300.0,-5.78322481807737,0.10659900421294523,-5.889823822290316,design
2018-10-26,2018-10-29,etf_dip_overnight_v1,233740,-6.958561376075057,11900.0,12130.0,1.9327731092436906,0.11403361344537816,1.8187394957983125,design
2018-10-29,2018-10-30,etf_dip_overnight_v1,233740,-5.5462184873949605,11240.0,11210.0,-0.2669039145907437,0.1189679715302491,-0.38587188612099277,design
2018-10-31,2018-11-01,etf_dip_overnight_v1,233740,-3.638698630136983,11255.0,11380.0,1.1106175033318566,0.1188494002665482,0.9917681030653084,design
2018-11-07,2018-11-08,etf_dip_overnight_v1,233740,-3.0964668519253724,12205.0,12660.0,3.727980335927894,0.1119336337566571,3.616046702171237,design
2018-11-09,2018-11-12,etf_dip_overnight_v1,233740,-3.4054487179487225,12055.0,11635.0,-3.4840315221899676,0.11295313148071338,-3.596984653670681,design
2018-11-12,2018-11-13,etf_dip_overnight_v1,233740,-7.0924927416009975,11200.0,10850.0,-3.125,0.11928571428571429,-3.244285714285714,design
2018-11-20,2018-11-21,etf_dip_overnight_v1,233740,-5.000000000000004,12160.0,11745.0,-3.412828947368418,0.11223684210526315,-3.525065789473681,design
2018-11-23,2018-11-26,etf_dip_overnight_v1,233740,-3.0266343825665842,12015.0,12065.0,0.4161464835622075,0.11322929671244278,0.30291718684976476,design
2018-12-06,2018-12-07,etf_dip_overnight_v1,233740,-7.007874015748028,11810.0,12095.0,2.4132091447925497,0.1146740050804403,2.298535139712109,design
2018-12-10,2018-12-11,etf_dip_overnight_v1,233740,-3.9441248972884146,11690.0,11810.0,1.026518391787845,0.1155431993156544,0.9109751924721907,design
2018-12-14,2018-12-17,etf_dip_overnight_v1,233740,-5.587989991659715,11320.0,11360.0,0.35335689045936647,0.11833922261484099,0.2350176678445255,design
2019-01-02,2019-01-03,etf_dip_overnight_v1,233740,-3.6280233527939965,11555.0,11595.0,0.3461704889658135,0.11654262224145391,0.2296278667243596,design
2019-01-03,2019-01-04,etf_dip_overnight_v1,233740,-4.93292946776287,10985.0,10985.0,0.0,0.12103322712790168,-0.12103322712790168,design
2019-02-28,2019-03-04,etf_dip_overnight_v1,233740,-3.3691756272401396,13480.0,13760.0,2.0771513353115667,0.1041839762611276,1.972967359050439,design
2019-03-07,2019-03-08,etf_dip_overnight_v1,233740,-4.014466546112116,13270.0,13120.0,-1.130369253956287,0.10535795026375283,-1.2357272042200398,design
2019-03-15,2019-03-18,etf_dip_overnight_v1,233740,-3.1350195938724568,13595.0,13760.0,1.2136815005516777,0.1035564545788893,1.1101250459727883,design
2019-03-25,2019-03-26,etf_dip_overnight_v1,233740,-5.164498852333588,12395.0,12510.0,0.9277934651068964,0.11067769261799112,0.8171157724889053,design
2019-03-27,2019-03-28,etf_dip_overnight_v1,233740,-3.0660377358490587,12330.0,12250.0,-0.6488240064882356,0.11110300081103001,-0.7599270072992655,design
2019-04-18,2019-04-19,etf_dip_overnight_v1,233740,-4.572940287226002,12625.0,12750.0,0.990099009900991,0.10920792079207921,0.8808910891089118,design
2019-05-09,2019-05-10,etf_dip_overnight_v1,233740,-5.6588186699710885,11420.0,11495.0,0.6567425569176777,0.11756567425569177,0.5391768826619859,design
2019-05-13,2019-05-14,etf_dip_overnight_v1,233740,-4.96267018006148,10820.0,10590.0,-2.1256931608133134,0.12242144177449168,-2.248114602587805,design
2019-05-16,2019-05-17,etf_dip_overnight_v1,233740,-3.6419482229047784,10980.0,11150.0,1.5482695810564717,0.12107468123861566,1.427194899817856,design
2019-05-20,2019-05-21,etf_dip_overnight_v1,233740,-3.8390379278445907,10395.0,10335.0,-0.5772005772005762,0.1262000962000962,-0.7034006734006724,design
2019-05-23,2019-05-24,etf_dip_overnight_v1,233740,-3.814973772055319,10085.0,10035.0,-0.49578582052552944,0.12915716410510658,-0.624942984630636,design
2019-05-29,2019-05-30,etf_dip_overnight_v1,233740,-4.463852498787002,9845.0,9870.0,0.2539360081259545,0.1315744032503809,0.12236160487557363,design
2019-06-27,2019-06-28,etf_dip_overnight_v1,233740,-5.67839195979899,9385.0,9340.0,-0.47948854555140974,0.13655301012253596,-0.6160415556739457,design
2019-06-28,2019-07-01,etf_dip_overnight_v1,233740,-4.848161960575381,8930.0,9165.0,2.6315789473684292,0.14198208286674133,2.4895968645016877,design
2019-07-08,2019-07-09,etf_dip_overnight_v1,233740,-6.731287022078625,8660.0,8700.0,0.4618937644341736,0.14547344110854504,0.3164203233256286,design
2019-07-09,2019-07-10,etf_dip_overnight_v1,233740,-4.5034642032332535,8270.0,8375.0,1.2696493349455773,0.15091898428053202,1.1187303506650452,design
2019-07-29,2019-07-30,etf_dip_overnight_v1,233740,-6.463642013673088,7525.0,7550.0,0.33222591362125353,0.162890365448505,0.16933554817274854,design
2019-08-02,2019-08-05,etf_dip_overnight_v1,233740,-7.052561543579506,6985.0,6900.0,-1.2168933428775897,0.17316392269148173,-1.3900572655690713,design
2019-08-05,2019-08-06,etf_dip_overnight_v1,233740,-16.463851109520398,5835.0,5510.0,-5.569837189374461,0.20137960582690662,-5.771216795201367,design
2019-08-06,2019-08-07,etf_dip_overnight_v1,233740,-4.712939160239927,5560.0,5810.0,4.496402877697836,0.2098561151079137,4.286546762589922,design
2019-08-26,2019-08-27,etf_dip_overnight_v1,233740,-10.22727272727273,5925.0,6070.0,2.4472573839662504,0.19877637130801687,2.2484810126582335,design
2019-09-24,2019-09-25,etf_dip_overnight_v1,233740,-6.6037735849056585,6930.0,6865.0,-0.9379509379509376,0.1743001443001443,-1.112251082251082,design
2019-09-25,2019-09-26,etf_dip_overnight_v1,233740,-3.391053391053389,6695.0,6870.0,2.6138909634055185,0.17936519790888725,2.4345257654966312,design
2019-10-02,2019-10-04,etf_dip_overnight_v1,233740,-3.4122562674094747,6935.0,6900.0,-0.5046863734679219,0.17419610670511895,-0.6788824801730409,design
2019-10-25,2019-10-28,etf_dip_overnight_v1,233740,-5.031091011871114,8400.0,8460.0,0.7142857142857117,0.14904761904761904,0.5652380952380927,design
2019-11-06,2019-11-07,etf_dip_overnight_v1,233740,-3.1267142073505227,8830.0,8785.0,-0.5096262740656887,0.1432502831257078,-0.6528765571913966,design
2019-11-19,2019-11-20,etf_dip_overnight_v1,233740,-3.9080459770114984,8360.0,8305.0,-0.6578947368421018,0.14961722488038276,-0.8075119617224845,design
2019-11-20,2019-11-21,etf_dip_overnight_v1,233740,-5.203349282296655,7925.0,7930.0,0.06309148264984632,0.15618296529968456,-0.09309148264983824,design
2019-11-21,2019-11-22,etf_dip_overnight_v1,233740,-3.785488958990535,7625.0,7630.0,0.06557377049181135,0.16114754098360656,-0.09557377049179522,design
2019-11-28,2019-11-29,etf_dip_overnight_v1,233740,-3.7060301507537696,7665.0,7670.0,0.0652315720808927,0.1604631441617743,-0.0952315720808816,design
2019-12-24,2019-12-26,etf_dip_overnight_v1,233740,-3.1269160024524845,7900.0,7920.0,0.25316455696202667,0.15658227848101267,0.096582278481014,design
2020-01-06,2020-01-07,etf_dip_overnight_v1,233740,-5.63625798954096,8120.0,8250.0,1.6009852216748666,0.1531527093596059,1.4478325123152607,design
2020-01-08,2020-01-09,etf_dip_overnight_v1,233740,-6.579727326615292,7880.0,8290.0,5.203045685279184,0.15690355329949238,5.046142131979692,design
2020-01-28,2020-01-29,etf_dip_overnight_v1,233740,-7.311456534254457,8050.0,8195.0,1.801242236024847,0.15422360248447203,1.647018633540375,design
2020-01-30,2020-01-31,etf_dip_overnight_v1,233740,-4.197080291970801,7875.0,7975.0,1.2698412698412653,0.15698412698412698,1.1128571428571383,design
2020-01-31,2020-02-03,etf_dip_overnight_v1,233740,-3.1746031746031744,7625.0,7430.0,-2.5573770491803316,0.16114754098360656,-2.718524590163938,design
2020-02-18,2020-02-19,etf_dip_overnight_v1,233740,-3.117913832199548,8545.0,8625.0,0.9362200117027486,0.14702750146284377,0.7891925102399049,design
2020-02-21,2020-02-24,etf_dip_overnight_v1,233740,-4.778761061946901,8070.0,7730.0,-4.213135068153651,0.15391573729863695,-4.367050805452288,design
2020-02-24,2020-02-25,etf_dip_overnight_v1,233740,-8.11648079306072,7415.0,7430.0,0.20229265003370855,0.16486176668914362,0.03743088334456493,design
2020-02-27,2020-02-28,etf_dip_overnight_v1,233740,-3.3354310887350525,7680.0,7420.0,-3.385416666666663,0.1602083333333333,-3.5456249999999963,design
2020-02-28,2020-03-02,etf_dip_overnight_v1,233740,-7.2265625,7125.0,7260.0,1.8947368421052602,0.17035087719298245,1.7243859649122777,design
2020-03-09,2020-03-10,etf_dip_overnight_v1,233740,-7.508090614886731,7145.0,7120.0,-0.3498950314905547,0.16995801259622112,-0.5198530440867758,design
2020-03-11,2020-03-12,etf_dip_overnight_v1,233740,-8.46310088016249,6760.0,6670.0,-1.3313609467455634,0.17792899408284024,-1.5092899408284035,design
2020-03-12,2020-03-13,etf_dip_overnight_v1,233740,-9.467455621301779,6120.0,5430.0,-11.274509803921573,0.19339869281045752,-11.467908496732031,design
2020-03-13,2020-03-16,etf_dip_overnight_v1,233740,-9.640522875816993,5530.0,5715.0,3.345388788426762,0.21083182640144665,3.1345569620253153,design
2020-03-16,2020-03-17,etf_dip_overnight_v1,233740,-6.329113924050633,5180.0,4830.0,-6.756756756756754,0.22305019305019305,-6.979806949806948,design
2020-03-18,2020-03-19,etf_dip_overnight_v1,233740,-12.746858168761221,4860.0,5310.0,9.259259259259256,0.235761316872428,9.023497942386827,design
2020-03-19,2020-03-20,etf_dip_overnight_v1,233740,-18.106995884773657,3980.0,4230.0,6.281407035175879,0.2812562814070352,6.000150753768843,design
2020-03-23,2020-03-24,etf_dip_overnight_v1,233740,-10.99137931034483,4130.0,4395.0,6.4164648910411515,0.2721307506053269,6.1443341404358245,design
2020-04-01,2020-04-02,etf_dip_overnight_v1,233740,-6.7663257277734035,5925.0,6000.0,1.2658227848101333,0.19877637130801687,1.0670464135021165,design
2020-04-13,2020-04-14,etf_dip_overnight_v1,233740,-4.154518950437314,6575.0,6735.0,2.433460076045635,0.1820912547528517,2.2513688212927834,design
2020-04-24,2020-04-27,etf_dip_overnight_v1,233740,-3.31125827814569,7300.0,7395.0,1.3013698630137016,0.166986301369863,1.1343835616438387,design
2020-05-28,2020-05-29,etf_dip_overnight_v1,233740,-4.764482945316728,8795.0,8740.0,-0.6253553155201819,0.1437009664582149,-0.7690562819783968,design
2020-06-12,2020-06-15,etf_dip_overnight_v1,233740,-3.311567164179108,10365.0,10320.0,-0.434153400868309,0.1264785335262904,-0.5606319343945994,design
2020-06-15,2020-06-16,etf_dip_overnight_v1,233740,-13.362276893391222,8980.0,9545.0,6.291759465478841,0.14135857461024498,6.150400890868596,design
2020-06-29,2020-06-30,etf_dip_overnight_v1,233740,-4.912612187057153,10065.0,10320.0,2.53353204172877,0.12935419771485346,2.4041778440139163,design
2020-07-01,2020-07-02,etf_dip_overnight_v1,233740,-3.392330383480824,9825.0,9960.0,1.3740458015267132,0.13178117048346055,1.2422646310432526,design
2020-08-12,2020-08-13,etf_dip_overnight_v1,233740,-4.413892908827788,13210.0,13500.0,2.195306585919754,0.1057002271006813,2.0896063588190725,design
2020-08-14,2020-08-18,etf_dip_overnight_v1,233740,-5.749636098981082,12950.0,12950.0,0.0,0.10722007722007722,-0.10722007722007722,design
2020-08-18,2020-08-19,etf_dip_overnight_v1,233740,-6.98841698841699,12045.0,12300.0,2.1170610211706187,0.11302200083022,2.004039020340399,design
2020-08-20,2020-08-21,etf_dip_overnight_v1,233740,-6.884202148826102,11700.0,11940.0,2.051282051282044,0.11547008547008547,1.9358119658119586,design
2020-09-04,2020-09-07,etf_dip_overnight_v1,233740,-3.256637168141596,13665.0,13625.0,-0.29271862422246553,0.10317965605561653,-0.39589828027808205,design
2020-09-09,2020-09-10,etf_dip_overnight_v1,233740,-3.321554770318025,13680.0,13930.0,1.8274853801169666,0.10309941520467836,1.7243859649122881,design
2020-09-17,2020-09-18,etf_dip_overnight_v1,233740,-3.192227619708532,13950.0,14020.0,0.501792114695343,0.10168458781362007,0.40010752688172296,design
2020-09-21,2020-09-22,etf_dip_overnight_v1,233740,-5.487591751135968,13520.0,13520.0,0.0,0.10396449704142012,-0.10396449704142012,design
2020-09-22,2020-09-23,etf_dip_overnight_v1,233740,-6.471893491124259,12645.0,12900.0,2.016607354685651,0.10908264136022143,1.9075247133254296,design
2020-09-24,2020-09-25,etf_dip_overnight_v1,233740,-9.810874704491724,11445.0,11660.0,1.8785495849716005,0.11737439930100481,1.7611751856705957,design
2020-10-14,2020-10-15,etf_dip_overnight_v1,233740,-3.7655279503105543,12395.0,12350.0,-0.3630496167809638,0.11067769261799112,-0.4737273093989549,design
2020-10-15,2020-10-16,etf_dip_overnight_v1,233740,-4.396934247680518,11850.0,11905.0,0.4641350210970563,0.11438818565400843,0.34974683544304785,design
2020-10-22,2020-10-23,etf_dip_overnight_v1,233740,-6.157112526539277,11050.0,11135.0,0.7692307692307665,0.12049773755656108,0.6487330316742054,design
2020-10-26,2020-10-27,etf_dip_overnight_v1,233740,-6.962895098488319,10155.0,10015.0,-1.3786312161496839,0.12847365829640572,-1.5071048744460895,design
2020-10-30,2020-11-02,etf_dip_overnight_v1,233740,-7.6788830715532335,10580.0,10585.0,0.04725897920605515,0.1245179584120983,-0.07725897920604315,design
2020-11-06,2020-11-09,etf_dip_overnight_v1,233740,-4.429093864282807,11760.0,12000.0,2.0408163265306145,0.11503401360544217,1.9257823129251723,design
2020-11-10,2020-11-11,etf_dip_overnight_v1,233740,-4.164948453608252,11620.0,11600.0,-0.1721170395869165,0.11605851979345956,-0.28817555938037603,design
2020-12-08,2020-12-09,etf_dip_overnight_v1,233740,-7.815442561205277,14685.0,14835.0,1.0214504596527174,0.09809669731018045,0.923353762342537,design
2020-12-22,2020-12-23,etf_dip_overnight_v1,233740,-6.128550074738415,15700.0,15915.0,1.3694267515923508,0.09369426751592357,1.2757324840764273,design
2021-01-15,2021-01-18,etf_dip_overnight_v1,233740,-4.453078302450686,15985.0,15660.0,-2.033156083828591,0.09255864873318737,-2.1257147325617787,design
2021-01-18,2021-01-19,etf_dip_overnight_v1,233740,-5.317485142320921,15135.0,15205.0,0.46250412950115116,0.09607201850016517,0.366432111000986,design
2021-01-28,2021-01-29,etf_dip_overnight_v1,233740,-3.9769277474195452,15815.0,15965.0,0.9484666455896296,0.09323110970597534,0.8552355358836542,design
2021-01-29,2021-02-01,etf_dip_overnight_v1,233740,-6.291495415744541,14820.0,14820.0,0.0,0.09747638326585695,-0.09747638326585695,design
2021-02-16,2021-02-17,etf_dip_overnight_v1,233740,-3.5158680771624096,15505.0,15400.0,-0.6772009029345383,0.09449532408900355,-0.7716962270235418,design
2021-02-22,2021-02-23,etf_dip_overnight_v1,233740,-3.8628038628038652,14435.0,14270.0,-1.143055074471766,0.09927606511950121,-1.2423311395912673,design
2021-02-23,2021-02-24,etf_dip_overnight_v1,233740,-4.780048493245581,13745.0,13800.0,0.4001455074572613,0.10275372862859221,0.2973917788286691,design
2021-02-24,2021-02-25,etf_dip_overnight_v1,233740,-6.11131320480175,12905.0,13220.0,2.4409143742735395,0.10748934521503294,2.333425029058507,design
2021-02-26,2021-03-02,etf_dip_overnight_v1,233740,-5.802776788892849,13230.0,13800.0,4.308390022675734,0.10558578987150416,4.2028042328042305,design
2021-03-08,2021-03-09,etf_dip_overnight_v1,233740,-4.741379310344829,13260.0,13220.0,-0.3016591251885359,0.10541478129713425,-0.4070739064856701,design
2021-04-28,2021-04-29,etf_dip_overnight_v1,233740,-5.775366943203575,14765.0,14815.0,0.33863867253640656,0.09772773450728073,0.24091093802912583,design
2021-05-03,2021-05-04,etf_dip_overnight_v1,233740,-5.598591549295772,13405.0,13300.0,-0.7832898172323799,0.10459903021260723,-0.8878888474449871,design
2021-05-11,2021-05-12,etf_dip_overnight_v1,233740,-4.6599930963065255,13810.0,13810.0,0.0,0.10241129616220129,-0.10241129616220129,design
2021-05-13,2021-05-14,etf_dip_overnight_v1,233740,-3.046062407132244,13050.0,13195.0,1.1111111111111072,0.10662835249042146,1.0044827586206857,design
2021-05-24,2021-05-25,etf_dip_overnight_v1,233740,-3.814321698452683,13365.0,13520.0,1.1597456041900545,0.10482229704451926,1.0549233071455353,design
2021-07-08,2021-07-09,etf_dip_overnight_v1,233740,-3.05031446540881,15415.0,15260.0,-1.0055141096334763,0.09487187804086927,-1.1003859876743456,design
2021-07-30,2021-08-02,etf_dip_overnight_v1,233740,-3.420716112531974,15105.0,15200.0,0.6289308176100628,0.096203243958954,0.5327275736511088,design
2021-08-17,2021-08-18,etf_dip_overnight_v1,233740,-4.313099041533541,14975.0,14920.0,-0.36727879799666185,0.0967779632721202,-0.46405676126878204,design
2021-08-19,2021-08-20,etf_dip_overnight_v1,233740,-4.602917341977308,14715.0,14865.0,1.0193679918450549,0.09795786612300374,0.9214101257220512,design
2021-08-20,2021-08-23,etf_dip_overnight_v1,233740,-3.533809038396196,14195.0,14400.0,1.4441704825642887,0.10044734061289186,1.3437231419513969,design
2021-09-08,2021-09-09,etf_dip_overnight_v1,233740,-3.43591275769346,16160.0,16080.0,-0.4950495049504955,0.09188118811881188,-0.5869306930693073,design
2021-09-28,2021-09-29,etf_dip_overnight_v1,233740,-5.244013337374964,15630.0,15355.0,-1.7594369801663512,0.09397952655150352,-1.8534165067178547,design
2021-10-01,2021-10-05,etf_dip_overnight_v1,233740,-4.375804375804371,14860.0,14700.0,-1.076716016150736,0.09729475100942127,-1.1740107671601574,design
2021-10-05,2021-10-06,etf_dip_overnight_v1,233740,-4.239569313593538,14230.0,14390.0,1.1243851018974071,0.10027406886858749,1.0241110330288197,design
2021-10-06,2021-10-07,etf_dip_overnight_v1,233740,-5.130007027406891,13500.0,13760.0,1.925925925925931,0.10407407407407407,1.821851851851857,design
2021-10-12,2021-10-13,etf_dip_overnight_v1,233740,-3.1785714285714306,13555.0,13520.0,-0.25820730357801747,0.10377351530800442,-0.3619808188860219,design
2021-11-10,2021-11-11,etf_dip_overnight_v1,233740,-5.200126063662147,15040.0,14955.0,-0.5651595744680882,0.09648936170212766,-0.6616489361702158,design
2021-11-23,2021-11-24,etf_dip_overnight_v1,233740,-5.074626865671639,15900.0,15910.0,0.06289308176101738,0.09289308176100629,-0.02999999999998891,design
2021-11-30,2021-12-01,etf_dip_overnight_v1,233740,-3.2195750160978753,15030.0,15180.0,0.9980039920159722,0.0965335994677312,0.901470392548241,design
2021-12-10,2021-12-13,etf_dip_overnight_v1,233740,-3.2277710109622437,15890.0,16010.0,0.7551919446192601,0.09293266205160479,0.6622592825676553,design
2021-12-29,2021-12-30,etf_dip_overnight_v1,233740,-3.280609256004685,16510.0,16560.0,0.30284675953966556,0.09056935190793458,0.21227740763173097,design
2022-01-05,2022-01-06,etf_dip_overnight_v1,233740,-4.840724547158026,15235.0,15000.0,-1.5425008204791646,0.09563833278634722,-1.6381391532655118,design
2022-01-06,2022-01-07,etf_dip_overnight_v1,233740,-5.973088283557592,14325.0,14450.0,0.8726003490401313,0.09980802792321117,0.7727923211169201,design
2022-01-10,2022-01-11,etf_dip_overnight_v1,233740,-4.319506342132328,13955.0,14045.0,0.644930132568966,0.10165890361877462,0.5432712289501914,design
2022-01-13,2022-01-14,etf_dip_overnight_v1,233740,-3.028217481073636,14090.0,13830.0,-1.8452803406671436,0.10097232079488999,-1.9462526614620337,design
2022-01-14,2022-01-17,etf_dip_overnight_v1,233740,-3.1937544357700465,13640.0,13680.0,0.2932551319648091,0.10331378299120235,0.18994134897360676,design
2022-01-21,2022-01-24,etf_dip_overnight_v1,233740,-3.382899628252789,12995.0,12900.0,-0.7310504040015431,0.10695267410542517,-0.8380030781069683,design
2022-01-24,2022-01-25,etf_dip_overnight_v1,233740,-4.2708734128510955,12440.0,12565.0,1.0048231511254002,0.11038585209003215,0.8944372990353681,design
2022-01-25,2022-01-26,etf_dip_overnight_v1,233740,-4.461414790996788,11885.0,11980.0,0.799326882625162,0.11413967185527976,0.6851872107698823,design
2022-01-26,2022-01-27,etf_dip_overnight_v1,233740,-3.786285233487585,11435.0,11520.0,0.7433318758198526,0.11745080891998251,0.6258810668998701,design
2022-01-27,2022-01-28,etf_dip_overnight_v1,233740,-8.613904678618278,10450.0,10570.0,1.1483253588516762,0.12569377990430622,1.02263157894737,design
2022-02-10,2022-02-11,etf_dip_overnight_v1,233740,-4.476969436074041,11095.0,10710.0,-3.4700315457413256,0.12013068949977468,-3.5901622352411002,design
2022-02-11,2022-02-14,etf_dip_overnight_v1,233740,-5.588102748986035,10475.0,10260.0,-2.052505966587115,0.1254653937947494,-2.1779713603818642,design
2022-02-24,2022-02-25,etf_dip_overnight_v1,233740,-6.01295097132285,10160.0,10550.0,3.8385826771653475,0.1284251968503937,3.7101574803149537,design
2022-03-04,2022-03-07,etf_dip_overnight_v1,233740,-4.358759430008385,11410.0,11060.0,-3.0674846625766916,0.1176424189307625,-3.185127081507454,design
2022-03-07,2022-03-08,etf_dip_overnight_v1,233740,-4.382120946538127,10910.0,10620.0,-2.658111824014664,0.1216590284142988,-2.7797708524289626,design
2022-03-14,2022-03-15,etf_dip_overnight_v1,233740,-5.077262693156737,10750.0,10660.0,-0.8372093023255811,0.12302325581395349,-0.9602325581395346,design
2022-03-28,2022-03-29,etf_dip_overnight_v1,233740,-3.3140016570008313,11670.0,11860.0,1.6281062553556103,0.11568980291345331,1.512416452442157,design
2022-04-06,2022-04-07,etf_dip_overnight_v1,233740,-3.449659045326914,12035.0,11850.0,-1.5371832156211074,0.11309098462816784,-1.6502742002492752,design
2022-04-11,2022-04-12,etf_dip_overnight_v1,233740,-4.968944099378881,11475.0,11270.0,-1.7864923747276662,0.11714596949891067,-1.903638344226577,design
2022-04-25,2022-04-26,etf_dip_overnight_v1,233740,-5.026455026455023,10770.0,10950.0,1.671309192200554,0.12285051067780872,1.5484586815227455,design
2022-04-27,2022-04-28,etf_dip_overnight_v1,233740,-3.728661275831091,10715.0,10830.0,1.0732617825478297,0.12332711152589827,0.9499346710219314,design
2022-05-06,2022-05-09,etf_dip_overnight_v1,233740,-4.429223744292232,10465.0,10280.0,-1.7677974199713287,0.12555661729574774,-1.8933540372670765,design
2022-05-09,2022-05-10,etf_dip_overnight_v1,233740,-5.303392259913997,9910.0,9605.0,-3.0776992936427883,0.13090817356205853,-3.208607467204847,design
2022-05-12,2022-05-13,etf_dip_overnight_v1,233740,-8.642578125,9355.0,9555.0,2.137894174238375,0.13689470871191875,2.0009994655264562,design
2022-05-19,2022-05-20,etf_dip_overnight_v1,233740,-3.154425612052736,10285.0,10480.0,1.8959649975692772,0.12722897423432183,1.7687360233349554,design
2022-05-24,2022-05-25,etf_dip_overnight_v1,233740,-6.086564472497747,10415.0,10650.0,2.2563610177628313,0.12601536245799327,2.130345655304838,design
2022-06-07,2022-06-08,etf_dip_overnight_v1,233740,-5.917431192660549,10255.0,10375.0,1.1701608971233624,0.12751340809361286,1.0426474890297495,design
2022-06-13,2022-06-14,etf_dip_overnight_v1,233740,-8.710462287104626,9380.0,9180.0,-2.1321961620469065,0.1366098081023454,-2.268805970149252,design
2022-06-15,2022-06-16,etf_dip_overnight_v1,233740,-4.79488545551412,8935.0,9270.0,3.749300503637376,0.1419194180190263,3.60738108561835,design
2022-06-20,2022-06-21,etf_dip_overnight_v1,233740,-4.938271604938271,8470.0,8570.0,1.1806375442739103,0.14806375442739078,1.0325737898465195,design
2022-06-22,2022-06-23,etf_dip_overnight_v1,233740,-8.170310701956273,7980.0,7995.0,0.1879699248120259,0.15531328320802004,0.03265664160400586,design
2022-06-23,2022-06-24,etf_dip_overnight_v1,233740,-5.952380952380953,7505.0,7645.0,1.865423051299131,0.16324450366422386,1.7021785476349072,design
2022-06-29,2022-06-30,etf_dip_overnight_v1,233740,-4.804270462633453,8025.0,8000.0,-0.31152647975077885,0.1546105919003115,-0.46613707165109036,design
2022-06-30,2022-07-01,etf_dip_overnight_v1,233740,-4.485981308411214,7665.0,7805.0,1.82648401826484,0.1604631441617743,1.6660208741030658,design
2022-07-01,2022-07-04,etf_dip_overnight_v1,233740,-3.0658838878017014,7430.0,7480.0,0.6729475100942128,0.16458950201884254,0.5083580080753702,design
2022-07-06,2022-07-07,etf_dip_overnight_v1,233740,-3.260188087774296,7715.0,7870.0,2.009073233959824,0.15961762799740764,1.849455605962416,design
2022-07-12,2022-07-13,etf_dip_overnight_v1,233740,-4.4566544566544515,7825.0,7860.0,0.4472843450479269,0.15779552715654951,0.28948881789137737,design
2022-08-10,2022-08-11,etf_dip_overnight_v1,233740,-4.692960559161263,9545.0,9910.0,3.8239916186485035,0.13476689366160294,3.6892247249869006,design
2022-08-19,2022-08-22,etf_dip_overnight_v1,233740,-3.9937759336099554,9255.0,9030.0,-2.4311183144246407,0.13804970286331714,-2.5691680172879576,design
2022-08-22,2022-08-23,etf_dip_overnight_v1,233740,-4.376012965964349,8850.0,8715.0,-1.5254237288135575,0.14299435028248586,-1.6684180790960434,design
2022-08-23,2022-08-24,etf_dip_overnight_v1,233740,-3.841807909604522,8510.0,8600.0,1.0575793184488758,0.14750881316098707,0.9100705052878887,design
2022-08-29,2022-08-30,etf_dip_overnight_v1,233740,-6.906232453677708,8290.0,8395.0,1.266586248492163,0.150627261761158,1.1159589867310051,design
2022-09-01,2022-09-02,etf_dip_overnight_v1,233740,-5.181058495821722,8510.0,8665.0,1.8213866039952897,0.14750881316098707,1.6738777908343025,design
2022-09-05,2022-09-06,etf_dip_overnight_v1,233740,-3.703703703703709,8190.0,8235.0,0.5494505494505475,0.15210012210012208,0.3973504273504254,design
2022-09-14,2022-09-15,etf_dip_overnight_v1,233740,-6.602708803611734,8275.0,8340.0,0.7854984894259731,0.15084592145015105,0.634652567975822,design
2022-09-19,2022-09-20,etf_dip_overnight_v1,233740,-3.964757709251099,7630.0,7810.0,2.3591087811271283,0.1610615989515072,2.198047182175621,design
2022-09-23,2022-09-26,etf_dip_overnight_v1,233740,-5.273698264352467,7095.0,6900.0,-2.748414376321351,0.1709443269908386,-2.9193587033121897,design
2022-09-26,2022-09-27,etf_dip_overnight_v1,233740,-8.456659619450313,6495.0,6555.0,0.9237875288683695,0.18396458814472672,0.7398229407236427,design
2022-09-28,2022-09-29,etf_dip_overnight_v1,233740,-6.696428571428569,6270.0,6550.0,4.465709728867617,0.1894896331738437,4.276220095693773,design
2022-10-05,2022-10-06,etf_dip_overnight_v1,233740,-5.1377513030528625,6370.0,6495.0,1.9623233908948157,0.18698587127158556,1.7753375196232302,design
2022-10-07,2022-10-11,etf_dip_overnight_v1,233740,-3.703703703703709,6500.0,6195.0,-4.692307692307695,0.18384615384615385,-4.876153846153849,design
2022-10-11,2022-10-12,etf_dip_overnight_v1,233740,-7.3846153846153895,6020.0,6020.0,0.0,0.19611295681063123,-0.19611295681063123,design
2022-10-13,2022-10-14,etf_dip_overnight_v1,233740,-4.139610389610393,5905.0,6200.0,4.995766299745985,0.1993480101608806,4.796418289585104,design
2022-10-19,2022-10-20,etf_dip_overnight_v1,233740,-3.0597014925373145,6495.0,6405.0,-1.385681293302543,0.18396458814472672,-1.5696458814472698,design
2022-10-20,2022-10-21,etf_dip_overnight_v1,233740,-4.387990762124716,6210.0,6150.0,-0.9661835748792313,0.1910305958132045,-1.157214170692436,design
2022-11-10,2022-11-11,etf_dip_overnight_v1,233740,-3.3189033189033212,6700.0,7340.0,9.552238805970159,0.1792537313432836,9.372985074626875,design
2022-11-21,2022-11-22,etf_dip_overnight_v1,233740,-4.495912806539515,7010.0,6955.0,-0.7845934379457908,0.17265335235378032,-0.9572467902995712,design
2022-11-28,2022-11-29,etf_dip_overnight_v1,233740,-4.570637119113574,6890.0,6800.0,-1.3062409288824406,0.17513788098693758,-1.481378809869378,design
2022-12-02,2022-12-05,etf_dip_overnight_v1,233740,-4.371217215870882,7110.0,7200.0,1.2658227848101333,0.17064697609001406,1.0951758087201193,design
2022-12-06,2022-12-07,etf_dip_overnight_v1,233740,-4.236111111111107,6895.0,6820.0,-1.087744742567076,0.175032632342277,-1.2627773749093532,design
2022-12-15,2022-12-16,etf_dip_overnight_v1,233740,-3.282122905027929,6925.0,6655.0,-3.898916967509025,0.1744043321299639,-4.073321299638989,design
2022-12-20,2022-12-21,etf_dip_overnight_v1,233740,-4.296296296296298,6460.0,6585.0,1.9349845201238391,0.18479876160990713,1.750185758513932,design
2022-12-23,2022-12-26,etf_dip_overnight_v1,233740,-7.4289876183539665,6355.0,6380.0,0.3933910306844979,0.18735641227380015,0.20603461841069773,design
2022-12-28,2022-12-29,etf_dip_overnight_v1,233740,-5.485544848035584,6375.0,6285.0,-1.4117647058823568,0.1868627450980392,-1.598627450980396,design
2022-12-29,2023-01-02,etf_dip_overnight_v1,233740,-3.8431372549019627,6130.0,6250.0,1.9575856443719397,0.1931321370309951,1.7644535073409446,design
2023-01-10,2023-01-11,etf_dip_overnight_v1,233740,-3.7008481110254454,6245.0,6370.0,2.001601281024823,0.19012810248198558,1.8114731785428373,design
2023-01-17,2023-01-18,etf_dip_overnight_v1,233740,-3.776435045317217,6370.0,6405.0,0.5494505494505475,0.18698587127158556,0.36246467817896194,design
2023-02-15,2023-02-16,etf_dip_overnight_v1,233740,-3.3519553072625663,7785.0,8000.0,2.7617212588310958,0.15845215157353884,2.603269107257557,design
2023-02-17,2023-02-20,etf_dip_overnight_v1,233740,-3.9262343842950576,8075.0,8140.0,0.804953560371513,0.1538390092879257,0.6511145510835873,design
2023-02-22,2023-02-23,etf_dip_overnight_v1,233740,-5.317919075144506,8190.0,8295.0,1.2820512820512775,0.15210012210012208,1.1299511599511554,design
2023-03-10,2023-03-13,etf_dip_overnight_v1,233740,-5.044843049327352,8470.0,8470.0,0.0,0.14806375442739078,-0.14806375442739078,design
2023-03-14,2023-03-15,etf_dip_overnight_v1,233740,-7.656879677605066,8020.0,8335.0,3.9276807980049844,0.1546882793017456,3.772992518703239,design
2023-04-12,2023-04-13,etf_dip_overnight_v1,233740,-4.0081799591002,11735.0,11500.0,-2.0025564550489983,0.11521516829995739,-2.117771623348956,design
2023-04-20,2023-04-21,etf_dip_overnight_v1,233740,-5.798319327731094,11210.0,11130.0,-0.7136485280999083,0.11920606601248886,-0.8328545941123972,design
2023-04-21,2023-04-24,etf_dip_overnight_v1,233740,-4.371097234611954,10720.0,10655.0,-0.6063432835820892,0.12328358208955223,-0.7296268656716415,design
2023-04-24,2023-04-25,etf_dip_overnight_v1,233740,-3.5914179104477584,10335.0,10415.0,0.7740686985969969,0.12675858732462505,0.6473101112723718,design
2023-05-03,2023-05-04,etf_dip_overnight_v1,233740,-5.327868852459017,10395.0,10315.0,-0.7696007696007645,0.1262000962000962,-0.8958008658008607,design
2023-06-14,2023-06-15,etf_dip_overnight_v1,233740,-7.889301941346549,11150.0,11335.0,1.6591928251121102,0.11968609865470851,1.5395067264574016,design
2023-06-21,2023-06-22,etf_dip_overnight_v1,233740,-3.3187772925764247,11070.0,10890.0,-1.6260162601625994,0.12033423667570009,-1.7463504968382995,design
2023-07-06,2023-07-07,etf_dip_overnight_v1,233740,-4.641350210970463,11300.0,11260.0,-0.3539823008849585,0.11849557522123894,-0.47247787610619746,design
2023-07-26,2023-07-27,etf_dip_overnight_v1,233740,-8.751229105211412,13920.0,13935.0,0.10775862068965747,0.10183908045977011,0.00591954022988736,design
2023-07-27,2023-07-28,etf_dip_overnight_v1,233740,-7.3275862068965525,12900.0,12745.0,-1.2015503875968947,0.10751937984496124,-1.3090697674418559,design
2023-08-02,2023-08-03,etf_dip_overnight_v1,233740,-8.623040218132239,13405.0,13515.0,0.8205893323386837,0.10459903021260723,0.7159903021260765,design
2023-08-07,2023-08-08,etf_dip_overnight_v1,233740,-7.9652425778421465,12710.0,12800.0,0.7081038552321006,0.10867820613690007,0.5994256490952006,design
2023-08-14,2023-08-16,etf_dip_overnight_v1,233740,-3.59052711993888,12620.0,12400.0,-1.7432646592709933,0.10923930269413629,-1.8525039619651296,design
2023-08-16,2023-08-17,etf_dip_overnight_v1,233740,-5.110935023771789,11975.0,11885.0,-0.7515657620041805,0.11350730688935282,-0.8650730688935333,design
2023-08-23,2023-08-24,etf_dip_overnight_v1,233740,-4.24710424710425,12400.0,12790.0,3.1451612903225845,0.11064516129032258,3.0345161290322618,design
2023-09-01,2023-09-04,etf_dip_overnight_v1,233740,-3.1051253273475465,12950.0,12840.0,-0.8494208494208455,0.10722007722007722,-0.9566409266409227,design
2023-09-07,2023-09-08,etf_dip_overnight_v1,233740,-3.3816425120772986,12000.0,12050.0,0.4166666666666652,0.11333333333333334,0.30333333333333184,design
2023-09-21,2023-09-22,etf_dip_overnight_v1,233740,-4.564846416382251,11185.0,10955.0,-2.0563254358515914,0.11940545373267769,-2.175730889584269,design
2023-09-25,2023-09-26,etf_dip_overnight_v1,233740,-4.123711340206182,10695.0,10735.0,0.3740065451145469,0.12350163627863488,0.25050490883591203,design
2023-10-04,2023-10-05,etf_dip_overnight_v1,233740,-8.274894810659184,9810.0,10105.0,3.007135575942921,0.13193679918450563,2.875198776758415,design
2023-10-10,2023-10-11,etf_dip_overnight_v1,233740,-5.439121756487031,9475.0,9740.0,2.796833773087082,0.13554089709762532,2.6612928759894565,design
2023-10-13,2023-10-16,etf_dip_overnight_v1,233740,-3.446647780925405,10225.0,9900.0,-3.17848410757946,0.12779951100244497,-3.306283618581905,design
2023-10-18,2023-10-19,etf_dip_overnight_v1,233740,-3.0806845965770213,9910.0,9510.0,-4.036326942482338,0.13090817356205853,-4.167235116044397,design
2023-10-19,2023-10-20,etf_dip_overnight_v1,233740,-5.650857719475278,9350.0,9095.0,-2.7272727272727226,0.13695187165775402,-2.864224598930477,design
2023-10-20,2023-10-23,etf_dip_overnight_v1,233740,-3.9572192513368964,8980.0,8920.0,-0.6681514476614692,0.14135857461024498,-0.8095100222717142,design
2023-10-25,2023-10-26,etf_dip_overnight_v1,233740,-6.1774023231256585,8885.0,8335.0,-6.19020821609454,0.14254924029262803,-6.332757456387168,design
2023-10-26,2023-10-27,etf_dip_overnight_v1,233740,-7.428249859313452,8225.0,8405.0,2.1884498480243098,0.151580547112462,2.0368693009118477,design
2023-10-31,2023-11-01,etf_dip_overnight_v1,233740,-6.721215663354762,7980.0,8155.0,2.1929824561403466,0.15531328320802004,2.0376691729323264,design
2023-11-07,2023-11-08,etf_dip_overnight_v1,233740,-8.789752650176673,10325.0,10295.0,-0.29055690072639084,0.12685230024213073,-0.4174092009685216,design
2023-11-08,2023-11-09,etf_dip_overnight_v1,233740,-5.0363196125908,9805.0,9935.0,1.3258541560428272,0.13198878123406427,1.1938653748087629,design
2023-11-10,2023-11-13,etf_dip_overnight_v1,233740,-4.041450777202071,9260.0,9545.0,3.077753779697634,0.1379913606911447,2.939762419006489,design
2023-11-13,2023-11-14,etf_dip_overnight_v1,233740,-3.347732181425489,8950.0,9125.0,1.9553072625698276,0.141731843575419,1.8135754189944087,design
2023-11-17,2023-11-20,etf_dip_overnight_v1,233740,-4.419321685508737,9300.0,9260.0,-0.4301075268817178,0.1375268817204301,-0.5676344086021479,design
2023-12-05,2023-12-06,etf_dip_overnight_v1,233740,-3.7018756169792666,9755.0,9835.0,0.8200922603792904,0.13251153254741158,0.6875807278318788,design
2023-12-13,2023-12-14,etf_dip_overnight_v1,233740,-3.3761293390394687,10160.0,10600.0,4.330708661417315,0.1284251968503937,4.202283464566921,design
2024-01-03,2024-01-04,etf_dip_overnight_v1,233740,-3.9740820734341264,11115.0,10895.0,-1.9793072424651337,0.1199685110211426,-2.0992757534862765,design
2024-01-12,2024-01-15,etf_dip_overnight_v1,233740,-3.9189784236019376,10910.0,10830.0,-0.7332722273143855,0.1216590284142988,-0.8549312557286842,design
2024-01-15,2024-01-16,etf_dip_overnight_v1,233740,-3.0705774518790085,10575.0,10420.0,-1.4657210401891274,0.12456264775413711,-1.5902836879432645,design
2024-01-17,2024-01-18,etf_dip_overnight_v1,233740,-4.588910133843216,9980.0,10000.0,0.2004008016031955,0.1302004008016032,0.07020040080159232,design
2024-01-29,2024-01-30,etf_dip_overnight_v1,233740,-3.879530372639106,9415.0,9600.0,1.964949548592676,0.13621348911311737,1.8287360594795588,design
2024-01-31,2024-02-01,etf_dip_overnight_v1,233740,-4.799578059071729,9025.0,8965.0,-0.6648199445983383,0.14080332409972302,-0.8056232686980613,design
2024-02-05,2024-02-06,etf_dip_overnight_v1,233740,-3.1152647975077885,9330.0,9230.0,-1.0718113612004254,0.13718113612004287,-1.2089924973204682,design
2024-02-27,2024-02-28,etf_dip_overnight_v1,233740,-3.4482758620689613,10780.0,10920.0,1.298701298701288,0.1227643784786642,1.1759369202226237,design
2024-04-02,2024-04-03,etf_dip_overnight_v1,233740,-6.301267710663683,12565.0,12300.0,-2.1090330282530823,0.10958615200955034,-2.2186191802626327,design
2024-04-03,2024-04-04,etf_dip_overnight_v1,233740,-3.6211699164345412,12110.0,12310.0,1.651527663088359,0.11257638315441783,1.5389512799339413,design
2024-04-05,2024-04-08,etf_dip_overnight_v1,233740,-3.1353135313531344,11740.0,11655.0,-0.7240204429301511,0.11517887563884156,-0.8391993185689927,design
2024-04-16,2024-04-17,etf_dip_overnight_v1,233740,-4.349736379613356,10885.0,11055.0,1.5617822691777583,0.12186954524575103,1.4399127239320073,design
2024-05-13,2024-05-14,etf_dip_overnight_v1,233740,-3.6134087940792314,11070.0,11125.0,0.49683830171634025,0.12033423667570009,0.37650406504064016,design
2024-05-17,2024-05-20,etf_dip_overnight_v1,233740,-8.947368421052627,10380.0,10500.0,1.1560693641618602,0.12633911368015416,1.029730250481706,design
2024-05-29,2024-05-30,etf_dip_overnight_v1,233740,-3.525488327775128,10125.0,9985.0,-1.382716049382715,0.12876543209876545,-1.5114814814814805,design
2024-07-02,2024-07-03,etf_dip_overnight_v1,233740,-4.997707473635948,10360.0,10595.0,2.2683397683397777,0.12652509652509653,2.1418146718146813,design
2024-07-16,2024-07-17,etf_dip_overnight_v1,233740,-3.371278458844129,11035.0,11035.0,0.0,0.12062075215224287,-0.12062075215224287,design
2024-07-17,2024-07-18,etf_dip_overnight_v1,233740,-3.2170367014046186,10680.0,10470.0,-1.96629213483146,0.12363295880149813,-2.089925093632958,design
2024-07-22,2024-07-23,etf_dip_overnight_v1,233740,-4.934823091247676,10210.0,10315.0,1.0284035259549462,0.1279431929480901,0.9004603330068561,design
2024-07-25,2024-07-26,etf_dip_overnight_v1,233740,-4.102316602316602,9935.0,10040.0,1.0568696527428312,0.13065425264217412,0.9262154001006571,design
2024-08-02,2024-08-05,etf_dip_overnight_v1,233740,-8.628954937679767,9530.0,9255.0,-2.885624344176285,0.1349317943336831,-3.0205561385099684,design
2024-08-05,2024-08-06,etf_dip_overnight_v1,233740,-19.202518363064016,7700.0,8280.0,7.532467532467524,0.15987012987012986,7.372597402597394,design
2024-08-19,2024-08-20,etf_dip_overnight_v1,233740,-3.1589849818746796,9350.0,9520.0,1.8181818181818077,0.13695187165775402,1.6812299465240537,design
2024-09-03,2024-09-04,etf_dip_overnight_v1,233740,-3.3998920669185084,8950.0,8410.0,-6.03351955307263,0.141731843575419,-6.17525139664805,design
2024-09-04,2024-09-05,etf_dip_overnight_v1,233740,-8.32402234636872,8205.0,8300.0,1.157830591102993,0.1518769043266301,1.0059536867763628,design
2024-09-06,2024-09-09,etf_dip_overnight_v1,233740,-5.627705627705626,7630.0,7480.0,-1.9659239842726106,0.1610615989515072,-2.126985583224118,design
2024-09-10,2024-09-11,etf_dip_overnight_v1,233740,-3.527902501603597,7520.0,7590.0,0.9308510638297962,0.16297872340425532,0.7678723404255409,design
2024-09-25,2024-09-26,etf_dip_overnight_v1,233740,-3.6796536796536827,8900.0,9040.0,1.573033707865168,0.14235955056179778,1.43067415730337,design
2024-10-18,2024-10-21,etf_dip_overnight_v1,233740,-3.662597114317423,8680.0,8725.0,0.5184331797235098,0.1452073732718894,0.3732258064516204,design
2024-10-22,2024-10-23,etf_dip_overnight_v1,233740,-6.47321428571429,8380.0,8440.0,0.7159904534606243,0.14933174224343676,0.5666587112171875,design
2024-11-01,2024-11-04,etf_dip_overnight_v1,233740,-4.66052934407365,8285.0,8295.0,0.12070006035003189,0.1507000603500302,-0.029999999999998306,design
2024-11-06,2024-11-07,etf_dip_overnight_v1,233740,-3.125,8680.0,8615.0,-0.748847926267282,0.1452073732718894,-0.8940552995391714,design
2024-11-07,2024-11-08,etf_dip_overnight_v1,233740,-3.686635944700456,8360.0,8590.0,2.751196172248793,0.14961722488038276,2.6015789473684103,design
2024-11-11,2024-11-12,etf_dip_overnight_v1,233740,-3.002309468822173,8400.0,8395.0,-0.05952380952380931,0.14904761904761904,-0.20857142857142835,design
2024-11-12,2024-11-13,etf_dip_overnight_v1,233740,-3.0952380952380953,8140.0,8090.0,-0.614250614250611,0.15285012285012284,-0.7671007371007339,design
2024-11-13,2024-11-14,etf_dip_overnight_v1,233740,-5.835380835380832,7665.0,7745.0,1.0437051532941943,0.1604631441617743,0.88324200913242,design
2024-11-19,2024-11-20,etf_dip_overnight_v1,233740,-3.7735849056603765,7395.0,7480.0,1.1494252873563315,0.1652265043948614,0.9841987829614701,design
2024-11-22,2024-11-25,etf_dip_overnight_v1,233740,-4.054982817869412,6980.0,7165.0,2.6504297994269344,0.17326647564469913,2.4771633237822352,design
2024-11-26,2024-11-27,etf_dip_overnight_v1,233740,-3.7673496364838077,7280.0,7275.0,-0.06868131868131844,0.16736263736263737,-0.2360439560439558,design
2024-11-29,2024-12-02,etf_dip_overnight_v1,233740,-5.582356995175742,6850.0,6975.0,1.8248175182481674,0.175985401459854,1.6488321167883133,design
2024-12-09,2024-12-10,etf_dip_overnight_v1,233740,-9.384164222873903,6180.0,6385.0,3.3171521035598728,0.19181229773462785,3.125339805825245,design
2024-12-19,2024-12-20,etf_dip_overnight_v1,233740,-5.203136136849606,6650.0,6600.0,-0.7518796992481258,0.18037593984962408,-0.9322556390977499,design
2024-12-20,2024-12-23,etf_dip_overnight_v1,233740,-4.586466165413539,6345.0,6500.0,2.4428684003152012,0.18760441292356186,2.2552639873916394,design
2025-01-13,2025-01-14,etf_dip_overnight_v1,233740,-3.641267700606876,7145.0,7240.0,1.3296011196640922,0.16995801259622112,1.159643107067871,design
2025-02-03,2025-02-04,etf_dip_overnight_v1,233740,-7.794676806083645,7275.0,7525.0,3.436426116838498,0.16745704467353953,3.2689690721649582,design
2025-02-28,2025-03-04,etf_dip_overnight_v1,233740,-8.231368186874299,8250.0,8130.0,-1.4545454545454528,0.15121212121212121,-1.605757575757574,design
2025-03-06,2025-03-07,etf_dip_overnight_v1,233740,-4.520795660036169,7920.0,7800.0,-1.5151515151515138,0.15626262626262627,-1.6714141414141401,design
2025-03-20,2025-03-21,etf_dip_overnight_v1,233740,-5.170239596469106,7520.0,7295.0,-2.9920212765957466,0.16297872340425532,-3.155000000000002,design
2025-03-21,2025-03-24,etf_dip_overnight_v1,233740,-3.4574468085106336,7260.0,7355.0,1.3085399449035862,0.16774104683195593,1.1407988980716302,design
2025-03-25,2025-03-26,etf_dip_overnight_v1,233740,-3.1102096010818148,7165.0,7250.0,1.1863224005582707,0.16956734124214934,1.0167550593161212,design
2025-03-28,2025-03-31,etf_dip_overnight_v1,233740,-3.960396039603964,6790.0,6520.0,-3.9764359351988188,0.17727540500736377,-4.153711340206183,design
2025-03-31,2025-04-01,etf_dip_overnight_v1,233740,-5.670103092783507,6405.0,6505.0,1.5612802498048417,0.186128024980484,1.3751522248243577,design
2025-04-07,2025-04-08,etf_dip_overnight_v1,233740,-11.295180722891562,5890.0,6170.0,4.753820033955858,0.1997792869269949,4.554040747028863,design
2025-04-09,2025-04-10,etf_dip_overnight_v1,233740,-5.289256198347103,5730.0,6350.0,10.82024432809774,0.20452006980802792,10.615724258289712,design
2025-04-16,2025-04-17,etf_dip_overnight_v1,233740,-5.415162454873645,6550.0,6610.0,0.9160305343511421,0.18267175572519084,0.7333587786259512,design
2025-04-28,2025-04-29,etf_dip_overnight_v1,233740,-3.061934585942938,6965.0,7005.0,0.5743000717875146,0.17357501794687724,0.4007250538406374,design
2025-05-19,2025-05-20,etf_dip_overnight_v1,233740,-3.0701754385964897,6630.0,6760.0,1.9607843137254832,0.1808295625942685,1.7799547511312148,design
2025-06-13,2025-06-16,etf_dip_overnight_v1,233740,-5.896510228640195,7820.0,7880.0,0.7672634271099765,0.1578772378516624,0.6093861892583141,design
2025-07-04,2025-07-07,etf_dip_overnight_v1,233740,-5.578884223155367,7870.0,7810.0,-0.7623888182973326,0.15706480304955528,-0.9194536213468879,design
2025-08-01,2025-08-04,etf_dip_overnight_v1,233740,-9.282934963868817,8160.0,8205.0,0.5514705882353033,0.15254901960784312,0.39892156862746014,design
2025-08-18,2025-08-19,etf_dip_overnight_v1,233740,-4.881974248927035,8865.0,8930.0,0.7332205301748385,0.1428031584884377,0.5904173716864007,design
2025-09-24,2025-09-25,etf_dip_overnight_v1,233740,-3.170028818443804,10080.0,9955.0,-1.2400793650793607,0.1292063492063492,-1.3692857142857098,design
2025-09-26,2025-09-29,etf_dip_overnight_v1,233740,-3.908629441624367,9465.0,9575.0,1.1621764395139955,0.13565240359218173,1.0265240359218137,design
2025-10-14,2025-10-15,etf_dip_overnight_v1,233740,-3.180212014134276,9590.0,9710.0,1.2513034410844615,0.1342752867570386,1.1170281543274228,design
2025-11-05,2025-11-06,etf_dip_overnight_v1,233740,-5.7312252964426875,11925.0,12200.0,2.3060796645702375,0.11385744234800838,2.192222222222229,design
2025-11-07,2025-11-10,etf_dip_overnight_v1,233740,-5.632618747372842,11225.0,11380.0,1.38084632516704,0.11908685968819599,1.261759465478844,design
2025-11-14,2025-11-17,etf_dip_overnight_v1,233740,-4.574383452665076,11995.0,12095.0,0.8336807002917945,0.11336807002917883,0.7203126302626157,design
2025-11-18,2025-11-19,etf_dip_overnight_v1,233740,-4.575432811211866,11575.0,11520.0,-0.4751619870410395,0.11639308855291576,-0.5915550755939553,design
2025-11-21,2025-11-24,etf_dip_overnight_v1,233740,-6.9620253164556996,11025.0,11245.0,1.995464852607709,0.12070294784580499,1.874761904761904,design
2025-11-24,2025-11-25,etf_dip_overnight_v1,233740,-3.401360544217691,10650.0,10875.0,2.1126760563380254,0.12389671361502347,1.9887793427230018,design
2025-12-05,2025-12-08,etf_dip_overnight_v1,233740,-3.3104561970125124,11975.0,12125.0,1.2526096033402823,0.11350730688935282,1.1391022964509294,design
2025-12-16,2025-12-17,etf_dip_overnight_v1,233740,-5.35714285714286,11395.0,11485.0,0.7898200965335667,0.11775778850372971,0.6720623080298369,design
2025-12-18,2025-12-19,etf_dip_overnight_v1,233740,-3.2786885245901676,10915.0,11080.0,1.5116811726981316,0.12161704076958314,1.3900641319285485,design
2026-01-21,2026-01-22,etf_dip_overnight_v1,233740,-9.184890656063615,11420.0,11690.0,2.3642732049036885,0.11756567425569177,2.246707530647997,design
2026-01-30,2026-02-02,etf_dip_overnight_v1,233740,-4.642166344294008,19720.0,18670.0,-5.324543610547671,0.08070993914807302,-5.405253549695744,design
2026-02-02,2026-02-03,etf_dip_overnight_v1,233740,-11.460446247464507,17460.0,18950.0,8.533791523482236,0.0872737686139748,8.446517754868262,design
2026-02-05,2026-02-06,etf_dip_overnight_v1,233740,-8.819610977884363,17110.0,15755.0,-7.919345412039746,0.08844535359438924,-8.007790765634136,design
2026-02-06,2026-02-09,etf_dip_overnight_v1,233740,-6.487434248977209,16000.0,17000.0,6.25,0.0925,6.1575,design
2026-02-10,2026-02-11,etf_dip_overnight_v1,233740,-4.910213243546579,16945.0,17200.0,1.5048686928297528,0.08901445854234287,1.4158542342874099,design
2026-02-13,2026-02-19,etf_dip_overnight_v1,233740,-4.307869040781165,16660.0,17335.0,4.051620648259302,0.09002400960384153,3.9615966386554606,design
2026-03-03,2026-03-04,etf_dip_overnight_v1,233740,-10.04644341236861,18400.0,17400.0,-5.434782608695654,0.08434782608695651,-5.5191304347826105,design
2026-03-04,2026-03-05,etf_dip_overnight_v1,233740,-27.717391304347828,13300.0,15550.0,16.91729323308271,0.10518796992481204,16.812105263157896,design
2026-03-09,2026-03-10,etf_dip_overnight_v1,233740,-6.888035126234904,16965.0,18605.0,9.666961391099328,0.08894488653109342,9.578016504568234,design
2026-03-11,2026-03-12,etf_dip_overnight_v1,233740,-3.7471395881006897,16825.0,16490.0,-1.9910846953937633,0.08943536404160475,-2.080520059435368,design
2026-03-19,2026-03-20,etf_dip_overnight_v1,233740,-4.303510758776897,16900.0,17265.0,2.159763313609475,0.08917159763313609,2.070591715976339,design
2026-03-23,2026-03-24,etf_dip_overnight_v1,233740,-10.642570281124497,15575.0,16705.0,7.255216693418931,0.09420545746388442,7.161011235955047,design
2026-03-26,2026-03-27,etf_dip_overnight_v1,233740,-3.9769452449567755,16660.0,16000.0,-3.961584633853543,0.09002400960384153,-4.051608643457385,design
2026-03-30,2026-03-31,etf_dip_overnight_v1,233740,-6.14294152392203,15890.0,15520.0,-2.328508495909376,0.09293266205160479,-2.421441157960981,design
2026-03-31,2026-04-01,etf_dip_overnight_v1,233740,-11.139081183134047,14120.0,15145.0,7.259206798866846,0.10082152974504249,7.158385269121804,design
2026-04-02,2026-04-03,etf_dip_overnight_v1,233740,-11.581291759465485,13895.0,14385.0,3.5264483627204024,0.10196833393306945,3.424480028787333,design
2026-04-30,2026-05-04,etf_dip_overnight_v1,233740,-5.864022662889523,16615.0,17095.0,2.8889557628648754,0.09018657839301836,2.798769184471857,design
2026-05-12,2026-05-13,etf_dip_overnight_v1,233740,-5.49970431697221,15980.0,16075.0,0.5944931163955003,0.0925782227784731,0.5019148936170272,design
2026-05-15,2026-05-18,etf_dip_overnight_v1,233740,-9.450483091787444,14995.0,14660.0,-2.234078026008668,0.09668889629876624,-2.330766922307434,design
2026-05-18,2026-05-19,etf_dip_overnight_v1,233740,-4.801600533511174,14275.0,14490.0,1.5061295971978916,0.10005253940455341,1.4060770577933381,design
2026-05-19,2026-05-20,etf_dip_overnight_v1,233740,-3.8879159369527128,13720.0,13560.0,-1.1661807580174877,0.1028862973760933,-1.269067055393581,design
2026-05-20,2026-05-21,etf_dip_overnight_v1,233740,-6.0131195335277,12895.0,13510.0,4.7692904226444455,0.10754943776657619,4.661740984877869,design
2026-05-27,2026-05-28,etf_dip_overnight_v1,233740,-5.062140042437102,15660.0,15925.0,1.692209450830151,0.09385696040868455,1.5983524904214665,design
2026-05-28,2026-05-29,etf_dip_overnight_v1,233740,-3.575989782886335,15100.0,15395.0,1.953642384105958,0.09622516556291391,1.8574172185430442,design
2026-05-29,2026-06-01,etf_dip_overnight_v1,233740,-4.139072847682124,14475.0,14390.0,-0.5872193436960327,0.0990846286701209,-0.6863039723661536,design
2026-06-02,2026-06-04,etf_dip_overnight_v1,233740,-5.192034139402557,13330.0,13790.0,3.450862715678915,0.10501875468867217,3.345843960990243,design
2026-06-05,2026-06-08,etf_dip_overnight_v1,233740,-10.916110916110922,12690.0,11045.0,-12.962962962962965,0.10880220646178093,-13.071765169424747,design
2026-06-08,2026-06-09,etf_dip_overnight_v1,233740,-19.85815602836879,10170.0,10525.0,3.4906588003933203,0.1283284169124877,3.3623303834808325,design
2026-06-16,2026-06-17,etf_dip_overnight_v1,233740,-5.625931445603571,12665.0,12810.0,1.1448874851954116,0.10895775759968417,1.0359297275957275,design
2026-06-18,2026-06-19,etf_dip_overnight_v1,233740,-6.259426847662142,12430.0,12515.0,0.6838294448913818,0.11045052292839903,0.5733789219629827,design
2026-06-19,2026-06-22,etf_dip_overnight_v1,233740,-7.039420756234915,11555.0,11345.0,-1.8173950670705374,0.11654262224145391,-1.9339376893119913,design
2026-06-23,2026-06-24,etf_dip_overnight_v1,233740,-15.80471659081506,10175.0,10305.0,1.2776412776412727,0.1282800982800983,1.1493611793611744,design
2026-06-25,2026-06-26,etf_dip_overnight_v1,233740,-5.108798486281929,10030.0,9975.0,-0.5483549351944172,0.12970089730807577,-0.678055832502493,design
2026-06-26,2026-06-29,etf_dip_overnight_v1,233740,-7.9760717846460665,9230.0,9575.0,3.7378114842903543,0.1383423618634886,3.5994691224268656,design
2026-07-02,2026-07-03,etf_dip_overnight_v1,233740,-14.101382488479263,9320.0,9410.0,0.965665236051505,0.1372961373390558,0.8283690987124492,design
2026-07-06,2026-07-07,etf_dip_overnight_v1,233740,-6.464088397790057,8465.0,8340.0,-1.476668635558176,0.14813349084465446,-1.6248021264028305,design
2026-07-08,2026-07-09,etf_dip_overnight_v1,233740,-12.462006079027354,7200.0,7345.0,2.013888888888893,0.1688888888888889,1.845000000000004,design
2026-07-13,2026-07-14,etf_dip_overnight_v1,233740,-8.1351689612015,7340.0,7330.0,-0.13623978201634523,0.16623978201634876,-0.302479564032694,design
2026-07-14,2026-07-15,etf_dip_overnight_v1,233740,-5.585831062670299,6930.0,7320.0,5.627705627705626,0.1743001443001443,5.453405483405482,design
2026-07-16,2026-07-20,etf_dip_overnight_v1,233740,-11.019108280254775,6985.0,6655.0,-4.7244094488189,0.17316392269148173,-4.897573371510382,design
2026-07-20,2026-07-21,etf_dip_overnight_v1,233740,-13.600572655690769,6035.0,6000.0,-0.5799502899751396,0.19570008285004142,-0.7756503728251811,design
2026-07-24,2026-07-27,etf_dip_overnight_v1,233740,-12.833827893175076,5875.0,6155.0,4.7659574468085,0.2002127659574468,4.565744680851053,design
2026-07-28,2026-07-29,etf_dip_overnight_v1,233740,-16.214057507987224,5245.0,5340.0,1.8112488083889433,0.22065776930409914,1.5905910390848441,design
2026-07-29,2026-07-30,etf_dip_overnight_v1,233740,-12.20209723546235,4605.0,4400.0,-4.45168295331162,0.24715526601520088,-4.698838219326821,design
2026-07-30,2026-07-31,etf_dip_overnight_v1,233740,-10.532030401737247,4120.0,4700.0,14.077669902912614,0.2727184466019417,13.804951456310672,design
2026-08-18,2026-08-19,etf_dip_overnight_v1,233740,-8.445297504798466,7155.0,6715.0,-6.149545772187281,0.1697624039133473,-6.319308176100629,design
2026-08-21,2026-08-24,etf_dip_overnight_v1,233740,-11.015831134564646,6745.0,6745.0,0.0,0.17825796886582654,-0.17825796886582654,design
2026-09-01,2026-09-02,etf_dip_overnight_v1,233740,-5.578512396694213,6855.0,6445.0,-5.981035740335516,0.17587892049598833,-6.156914660831505,design
2026-09-02,2026-09-03,etf_dip_overnight_v1,233740,-4.59518599562363,6540.0,6735.0,2.9816513761467878,0.1829051987767584,2.7987461773700293,design
2026-09-03,2026-09-04,etf_dip_overnight_v1,233740,-4.892966360856265,6220.0,6445.0,3.6173633440514497,0.1907717041800643,3.4265916398713854,design
2026-09-08,2026-09-09,etf_dip_overnight_v1,233740,-4.7826086956521685,6570.0,6550.0,-0.30441400304414,0.18220700152207,-0.48662100456621005,design
2026-09-11,2026-09-14,etf_dip_overnight_v1,233740,-7.05394190871369,6720.0,6370.0,-5.2083333333333375,0.1788095238095238,-5.3871428571428615,design
2026-09-14,2026-09-15,etf_dip_overnight_v1,233740,-4.01785714285714,6450.0,6400.0,-0.7751937984496138,0.18503875968992248,-0.9602325581395362,design
2026-10-07,2026-10-08,etf_dip_overnight_v1,233740,-6.084959816303104,8180.0,8110.0,-0.8557457212713948,0.15224938875305621,-1.007995110024451,outOfSample
