date,signalSchemaVersion,strategyVersion,variant,rank,rankBucket,code,name,gap,gapEstimated,gapBucket,pullbackPct,pullbackBucket,entryTime,entryPrice,volRatio,volumeBucket,amountRatio,amountBucket,timeBucket,mfePct,mfeTime,maePct,maeTime,hitPlus1Time,hitPlus2Time,hitMinus1Time,hitMinus2Time,fwd5mPct,fwd10mPct,fwd20mPct,fwd30mPct,exitModel,exitTime,exitPrice,reason,pnl,lowHighExitTime,lowHighExitPrice,lowHighReason,lowHighPnl
2026-09-22,2,opening_rebreak_v1,baseline,15,Top1~20,353200,대덕전자,6.899902818270176,False,5~7%,0.5123825789923143,0.5~0.7%,907,118100.0,2.736908348907281,2.0x+,2.7744967897506427,2.0x+,09:03~09:10,0.6773920406435208,913,-2.9635901778154117,924,,,912,920,-0.7620660457239636,-0.7620660457239636,-1.6088060965283701,0.0,close,915,116900.0,stop,-1.6694580863674826,912,116919.0,stop,-1.6533700254022023
2026-09-22,2,opening_rebreak_v1,baseline,16,Top1~20,0193T0,KODEX SK하이닉스단일종목레버리지,4.182350480970309,False,4~5%,0.5102040816326531,0.5~0.7%,910,12795.0,1.4173633664184198,1.0~1.5x,1.4265767218381709,1.2~1.5x,09:03~09:10,0.19538882375929045,938,-1.2504884720593967,926,,,924,,-0.4689331770222793,-0.4689331770222793,-0.429855412270419,0.03907776475184921,close,924,12650.0,stop,-1.7540328253223887,924,12667.05,stop,-1.6207776475185627
2026-09-22,2,opening_rebreak_v1,baseline,20,Top1~20,222800,심텍,5.319148936170204,False,5~7%,0.3364737550471063,0.3~0.5%,907,148700.0,1.5095544939451173,1.5~2.0x,1.5156701772426666,1.5~2.0x,09:03~09:10,4.572965702757226,937,-0.470746469401484,924,908,909,,,2.622730329522538,2.084734364492258,0.672494956287828,4.438466711499656,close,909,151900.0,take_profit,1.58573638197714,909,150930.5,take_profit,0.9337525218560763
2026-09-22,2,opening_rebreak_v1,baseline,38,Top21~50,487240,KODEX AI전력핵심설비,2.1027092600080843,False,2~3%,0.3268828451882845,0.3~0.5%,910,38265.0,2.3620962634578846,2.0x+,2.371392195230643,2.0x+,09:03~09:10,1.4504116032928227,922,-0.0653338560041794,911,917,,,,0.5618711616359517,0.8754736704560395,0.580164641317138,0.5226708480334574,close,930,38487.0,time_exit,-0.3031739187246757,930,38487.0,time_exit,-0.3031739187246757
2026-09-22,2,opening_rebreak_v1,baseline,42,Top21~50,011070,LG이노텍,2.4761904761904763,False,2~3%,0.3629764065335753,0.3~0.5%,909,555500.0,3.6736842105263157,2.0x+,3.7171795609241682,2.0x+,09:03~09:10,0.4500450045004545,913,-1.5301530153015275,924,,,923,,0.36003600360035026,-0.09000900090009312,-0.09000900090009312,0.09000900090008201,close,924,548000.0,stop,-2.4802250225022524,923,549945.0,stop,-2.130090009000901
2026-09-22,2,opening_rebreak_v1,baseline,78,Top51~100,006800,미래에셋증권,2.0312499999999956,False,2~3%,0.44510385756676557,0.3~0.5%,912,33950.0,4.662805594106971,2.0x+,4.718397911175311,2.0x+,09:11~09:20,2.356406480117812,923,-1.178203240058906,941,919,922,939,,0.8836524300441795,1.767304860088359,0.44182621502208974,-0.7363770250368162,close,921,34600.0,take_profit,0.9482032400589034,920,34459.25,take_profit,0.5336229749631715
2026-09-22,2,opening_rebreak_v1,baseline,99,Top51~100,440110,파두,3.8167938931297662,False,3~4%,0.8534850640113799,0.7~1.0%,916,71700.0,4.579211345555171,2.0x+,4.710609088612708,2.0x+,09:11~09:20,0.4184100418409997,936,-3.4867503486750384,921,,,917,919,-2.3709902370990243,-2.789400278940024,0.2789400278939924,-1.2552301255230103,close,917,70500.0,stop,-2.600990237099028,917,70983.0,stop,-1.9273500697350079
2026-09-23,2,opening_rebreak_v1,baseline,6,Top1~20,005935,삼성전자우,2.117647058823535,False,2~3%,0.684931506849315,0.5~0.7%,929,219750.0,4.592728414027785,2.0x+,4.630243796968471,2.0x+,09:21~09:30,0.11376564277587597,930,-0.5688282138794132,953,,,,,-0.11376564277588708,-0.34129692832765013,-0.22753128555176305,-0.4550625711035261,close,930,220000.0,time_exit,-1.2538907849829408,930,220000.0,time_exit,-1.2538907849829408
2026-09-23,2,opening_rebreak_v1,baseline,14,Top1~20,240810,원익IPS,2.452107279693494,False,2~3%,0.7790368271954674,0.7~1.0%,925,142600.0,2.339013259161243,2.0x+,2.3889868452592435,2.0x+,09:21~09:30,1.051893408134652,927,-5.68022440392707,955,927,,932,934,-0.14025245441795509,-2.5946704067321136,-3.3660589060308554,-5.469845722300137,close,930,142400.0,time_exit,-0.7208835904628359,930,142400.0,time_exit,-0.7208835904628359
2026-09-23,2,opening_rebreak_v1,baseline,15,Top1~20,233740,KODEX 코스닥150레버리지,2.0664206642066363,False,2~3%,0.42887776983559683,0.3~0.5%,925,7015.0,2.1358628615587336,2.0x+,2.1456088399040603,2.0x+,09:21~09:30,0.14255167498218313,926,-2.209550962223805,955,,,934,954,-0.2138275124732747,-1.2116892373485344,-1.2116892373485344,-2.066999287241622,close,930,7000.0,time_exit,-1.15658588738418,930,7000.0,time_exit,-1.15658588738418
2026-09-23,2,opening_rebreak_v1,baseline,49,Top21~50,010060,OCI홀딩스,3.5600425079702402,False,3~4%,0.7444168734491315,0.7~1.0%,909,202500.0,1.6795335745878568,1.5~2.0x,1.7005277442702051,1.5~2.0x,09:03~09:10,1.975308641975304,915,-1.2839506172839465,911,915,,910,,0.24691358024691024,1.4814814814814836,0.9876543209876631,0.0,close,911,200250.0,stop,-2.5756790123456748,910,200475.0,stop,-2.4645679012345685
2026-09-23,2,opening_rebreak_v1,baseline,63,Top51~100,403870,HPSP,2.0332717190388205,False,2~3%,0.7168458781362007,0.7~1.0%,927,55900.0,2.49146996961907,2.0x+,2.513956160680614,2.0x+,09:21~09:30,0.0,928,-2.683363148479423,957,,,931,952,-1.073345259391767,-1.2522361359570633,-1.2522361359570633,-2.146690518783545,close,930,55500.0,time_exit,-1.8400178890876613,930,55500.0,time_exit,-1.8400178890876613
