date,strategyVersion,action,decisionReason,signalTimeKst,entryTimeKst,exitTimeKst,openingHigh,openingLow,signalClose,signalVwap,volumeRatio,entryPrice,exitPrice,exitReason,pnlPct
2025-09-29,btc_orb_v1,no_trade,no_qualified_breakout_before_cutoff_after_volume_vwap_filters,,,,,,,,,,,,
2025-09-30,btc_orb_v1,no_trade,no_qualified_breakout_before_cutoff_after_volume_vwap_filters,,,,,,,,,,,,
2025-10-01,btc_orb_v1,no_trade,no_qualified_breakout_before_cutoff_after_volume_vwap_filters,,,,,,,,,,,,
2025-10-02,btc_orb_v1,no_trade,no_qualified_breakout_before_cutoff_after_volume_vwap_filters,,,,,,,,,,,,
2025-10-03,btc_orb_v1,no_trade,no_qualified_breakout_before_cutoff_after_volume_vwap_filters,,,,,,,,,,,,
2025-10-04,btc_orb_v1,no_trade,no_qualified_breakout_before_cutoff_after_volume_vwap_filters,,,,,,,,,,,,
2025-10-05,btc_orb_v1,trade,fresh_breakout+volume+vwap_pass,11:25,11:30,11:30,174990000.0,174881000.0,175000000.0,174780703.60349408,5.5732649253508155,175000000.0,176750000.0,take_profit,0.8600000000000009
2025-10-06,btc_orb_v1,no_trade,no_qualified_breakout_before_cutoff_after_volume_vwap_filters,,,,,,,,,,,,
2025-10-07,btc_orb_v1,no_trade,no_qualified_breakout_before_cutoff_after_volume_vwap_filters,,,,,,,,,,,,
2025-10-08,btc_orb_v1,no_trade,no_qualified_breakout_before_cutoff_after_volume_vwap_filters,,,,,,,,,,,,
2025-10-09,btc_orb_v1,no_trade,no_qualified_breakout_before_cutoff_after_volume_vwap_filters,,,,,,,,,,,,
2025-10-10,btc_orb_v1,no_trade,no_qualified_breakout_before_cutoff_after_volume_vwap_filters,,,,,,,,,,,,
2025-10-11,btc_orb_v1,no_trade,no_qualified_breakout_before_cutoff_after_volume_vwap_filters,,,,,,,,,,,,
2025-10-12,btc_orb_v1,no_trade,no_qualified_breakout_before_cutoff_after_volume_vwap_filters,,,,,,,,,,,,
2025-10-13,btc_orb_v1,trade,fresh_breakout+volume+vwap_pass,09:05,09:10,10:05,174089000.0,173804000.0,174322000.0,174126779.14958832,1.8955457856879985,174322000.0,174589000.0,time_exit,0.01316483289544712
2025-10-14,btc_orb_v1,no_trade,no_qualified_breakout_before_cutoff_after_volume_vwap_filters,,,,,,,,,,,,
2025-10-15,btc_orb_v1,trade,fresh_breakout+volume+vwap_pass,09:05,09:10,10:05,170122000.0,170050000.0,170319000.0,170182286.43445778,1.3773811035173762,170232000.0,170061000.0,time_exit,-0.2404511490201643
2025-10-16,btc_orb_v1,no_trade,no_qualified_breakout_before_cutoff_after_volume_vwap_filters,,,,,,,,,,,,
2025-10-17,btc_orb_v1,no_trade,no_qualified_breakout_before_cutoff_after_volume_vwap_filters,,,,,,,,,,,,
2025-10-18,btc_orb_v1,no_trade,no_qualified_breakout_before_cutoff_after_volume_vwap_filters,,,,,,,,,,,,
2025-10-19,btc_orb_v1,no_trade,no_qualified_breakout_before_cutoff_after_volume_vwap_filters,,,,,,,,,,,,
2025-10-20,btc_orb_v1,trade,fresh_breakout+volume+vwap_pass,11:35,11:40,12:35,164882000.0,164590000.0,164991000.0,164148878.02108628,1.4905057362041918,164988000.0,164856000.0,time_exit,-0.22000581860498902
2025-10-21,btc_orb_v1,no_trade,no_qualified_breakout_before_cutoff_after_volume_vwap_filters,,,,,,,,,,,,
2025-10-22,btc_orb_v1,no_trade,no_qualified_breakout_before_cutoff_after_volume_vwap_filters,,,,,,,,,,,,
2025-10-23,btc_orb_v1,trade,fresh_breakout+volume+vwap_pass,09:10,09:15,10:10,163154000.0,163041000.0,163292000.0,163163594.190334,1.227758921820597,163269000.0,163910000.0,time_exit,0.25260361734316794
2025-10-24,btc_orb_v1,no_trade,no_qualified_breakout_before_cutoff_after_volume_vwap_filters,,,,,,,,,,,,
2025-10-26,btc_orb_v1,no_trade,no_qualified_breakout_before_cutoff_after_volume_vwap_filters,,,,,,,,,,,,
2025-10-27,btc_orb_v1,no_trade,no_qualified_breakout_before_cutoff_after_volume_vwap_filters,,,,,,,,,,,,
2025-10-28,btc_orb_v1,no_trade,no_qualified_breakout_before_cutoff_after_volume_vwap_filters,,,,,,,,,,,,
2025-10-29,btc_orb_v1,no_trade,no_qualified_breakout_before_cutoff_after_volume_vwap_filters,,,,,,,,,,,,
2025-10-30,btc_orb_v1,no_trade,no_qualified_breakout_before_cutoff_after_volume_vwap_filters,,,,,,,,,,,,
2025-10-31,btc_orb_v1,no_trade,no_qualified_breakout_before_cutoff_after_volume_vwap_filters,,,,,,,,,,,,
2025-11-01,btc_orb_v1,no_trade,no_qualified_breakout_before_cutoff_after_volume_vwap_filters,,,,,,,,,,,,
2025-11-02,btc_orb_v1,trade,fresh_breakout+volume+vwap_pass,09:25,09:30,10:25,164001000.0,163970000.0,164094000.0,163973437.00177962,2.9439733271789494,164094000.0,163998000.0,time_exit,-0.19850305312808947
2025-11-03,btc_orb_v1,no_trade,no_qualified_breakout_before_cutoff_after_volume_vwap_filters,,,,,,,,,,,,
2025-11-04,btc_orb_v1,no_trade,no_qualified_breakout_before_cutoff_after_volume_vwap_filters,,,,,,,,,,,,
2025-11-05,btc_orb_v1,no_trade,no_qualified_breakout_before_cutoff_after_volume_vwap_filters,,,,,,,,,,,,
2025-11-06,btc_orb_v1,no_trade,no_qualified_breakout_before_cutoff_after_volume_vwap_filters,,,,,,,,,,,,
2025-11-07,btc_orb_v1,no_trade,no_qualified_breakout_before_cutoff_after_volume_vwap_filters,,,,,,,,,,,,
2025-11-08,btc_orb_v1,no_trade,no_qualified_breakout_before_cutoff_after_volume_vwap_filters,,,,,,,,,,,,
2025-11-09,btc_orb_v1,no_trade,no_qualified_breakout_before_cutoff_after_volume_vwap_filters,,,,,,,,,,,,
2025-11-10,btc_orb_v1,trade,fresh_breakout+volume+vwap_pass,09:10,09:15,09:40,155503000.0,154922000.0,156050000.0,155444466.62655613,1.468938081810444,156070000.0,157630700.0,take_profit,0.8600000000000009
2025-11-11,btc_orb_v1,no_trade,no_qualified_breakout_before_cutoff_after_volume_vwap_filters,,,,,,,,,,,,
2025-11-12,btc_orb_v1,no_trade,no_qualified_breakout_before_cutoff_after_volume_vwap_filters,,,,,,,,,,,,
2025-11-13,btc_orb_v1,no_trade,no_qualified_breakout_before_cutoff_after_volume_vwap_filters,,,,,,,,,,,,
2025-11-14,btc_orb_v1,no_trade,no_qualified_breakout_before_cutoff_after_volume_vwap_filters,,,,,,,,,,,,
2025-11-15,btc_orb_v1,no_trade,no_qualified_breakout_before_cutoff_after_volume_vwap_filters,,,,,,,,,,,,
2025-11-16,btc_orb_v1,no_trade,no_qualified_breakout_before_cutoff_after_volume_vwap_filters,,,,,,,,,,,,
2025-11-17,btc_orb_v1,trade,fresh_breakout+volume+vwap_pass,09:05,09:10,09:15,140501000.0,140225000.0,140735000.0,140526411.48967394,1.6000435731829286,140734000.0,140030330.0,stop,-0.6400000000000005
2025-11-18,btc_orb_v1,no_trade,no_qualified_breakout_before_cutoff_after_volume_vwap_filters,,,,,,,,,,,,
2025-11-19,btc_orb_v1,no_trade,no_qualified_breakout_before_cutoff_after_volume_vwap_filters,,,,,,,,,,,,
2025-11-20,btc_orb_v1,trade,fresh_breakout+volume+vwap_pass,09:15,09:20,10:15,136625000.0,136123000.0,136863000.0,136396739.17920262,1.6337639095925167,136863000.0,137741000.0,time_exit,0.5015174298386006
2025-11-21,btc_orb_v1,no_trade,no_qualified_breakout_before_cutoff_after_volume_vwap_filters,,,,,,,,,,,,
2025-11-22,btc_orb_v1,trade,fresh_breakout+volume+vwap_pass,09:05,09:10,09:25,128350000.0,128043000.0,128624000.0,128366398.64538778,1.2419487067177994,128623000.0,127979885.0,stop,-0.6400000000000005
2025-11-23,btc_orb_v1,no_trade,no_qualified_breakout_before_cutoff_after_volume_vwap_filters,,,,,,,,,,,,
2025-11-24,btc_orb_v1,no_trade,no_qualified_breakout_before_cutoff_after_volume_vwap_filters,,,,,,,,,,,,
2025-11-25,btc_orb_v1,no_trade,no_qualified_breakout_before_cutoff_after_volume_vwap_filters,,,,,,,,,,,,
2025-11-26,btc_orb_v1,no_trade,no_qualified_breakout_before_cutoff_after_volume_vwap_filters,,,,,,,,,,,,
2025-11-27,btc_orb_v1,no_trade,no_qualified_breakout_before_cutoff_after_volume_vwap_filters,,,,,,,,,,,,
2025-11-28,btc_orb_v1,no_trade,no_qualified_breakout_before_cutoff_after_volume_vwap_filters,,,,,,,,,,,,
2025-11-29,btc_orb_v1,no_trade,no_qualified_breakout_before_cutoff_after_volume_vwap_filters,,,,,,,,,,,,
2025-11-30,btc_orb_v1,no_trade,no_qualified_breakout_before_cutoff_after_volume_vwap_filters,,,,,,,,,,,,
2025-12-01,btc_orb_v1,no_trade,no_qualified_breakout_before_cutoff_after_volume_vwap_filters,,,,,,,,,,,,
2025-12-02,btc_orb_v1,no_trade,no_qualified_breakout_before_cutoff_after_volume_vwap_filters,,,,,,,,,,,,
2025-12-03,btc_orb_v1,no_trade,no_qualified_breakout_before_cutoff_after_volume_vwap_filters,,,,,,,,,,,,
2025-12-04,btc_orb_v1,trade,fresh_breakout+volume+vwap_pass,10:10,10:15,11:00,139039000.0,138800000.0,139242000.0,138424432.03040272,1.3899986470276817,139242000.0,138545790.0,stop,-0.6400000000000005
2025-12-05,btc_orb_v1,trade,fresh_breakout+volume+vwap_pass,09:20,09:25,10:20,137685000.0,137390000.0,138000000.0,137688612.7629488,1.203291099571172,137947000.0,138068000.0,time_exit,-0.05228515299355185
2025-12-06,btc_orb_v1,no_trade,no_qualified_breakout_before_cutoff_after_volume_vwap_filters,,,,,,,,,,,,
2025-12-07,btc_orb_v1,no_trade,no_qualified_breakout_before_cutoff_after_volume_vwap_filters,,,,,,,,,,,,
2025-12-08,btc_orb_v1,no_trade,no_qualified_breakout_before_cutoff_after_volume_vwap_filters,,,,,,,,,,,,
2025-12-09,btc_orb_v1,no_trade,no_qualified_breakout_before_cutoff_after_volume_vwap_filters,,,,,,,,,,,,
2025-12-10,btc_orb_v1,no_trade,no_qualified_breakout_before_cutoff_after_volume_vwap_filters,,,,,,,,,,,,
2025-12-11,btc_orb_v1,no_trade,no_qualified_breakout_before_cutoff_after_volume_vwap_filters,,,,,,,,,,,,
2025-12-12,btc_orb_v1,no_trade,no_qualified_breakout_before_cutoff_after_volume_vwap_filters,,,,,,,,,,,,
2025-12-13,btc_orb_v1,no_trade,no_qualified_breakout_before_cutoff_after_volume_vwap_filters,,,,,,,,,,,,
2025-12-14,btc_orb_v1,no_trade,no_qualified_breakout_before_cutoff_after_volume_vwap_filters,,,,,,,,,,,,
2025-12-15,btc_orb_v1,no_trade,no_qualified_breakout_before_cutoff_after_volume_vwap_filters,,,,,,,,,,,,
2025-12-16,btc_orb_v1,no_trade,no_qualified_breakout_before_cutoff_after_volume_vwap_filters,,,,,,,,,,,,
2025-12-17,btc_orb_v1,no_trade,no_qualified_breakout_before_cutoff_after_volume_vwap_filters,,,,,,,,,,,,
2025-12-18,btc_orb_v1,trade,fresh_breakout+volume+vwap_pass,11:10,11:15,12:10,128740000.0,128538000.0,128850000.0,128435396.58539075,1.7799327537503586,128850000.0,129117000.0,time_exit,0.06721769499418839
2025-12-19,btc_orb_v1,no_trade,no_qualified_breakout_before_cutoff_after_volume_vwap_filters,,,,,,,,,,,,
2025-12-20,btc_orb_v1,no_trade,no_qualified_breakout_before_cutoff_after_volume_vwap_filters,,,,,,,,,,,,
2025-12-21,btc_orb_v1,trade,fresh_breakout+volume+vwap_pass,09:30,09:35,10:30,131620000.0,131468000.0,131645000.0,131571446.05275951,1.4502593590631339,131645000.0,131374000.0,time_exit,-0.34585665995670467
2025-12-22,btc_orb_v1,no_trade,no_qualified_breakout_before_cutoff_after_volume_vwap_filters,,,,,,,,,,,,
2025-12-23,btc_orb_v1,trade,fresh_breakout+volume+vwap_pass,09:15,09:20,10:15,132201000.0,132073000.0,132202000.0,132128745.5777197,1.4444968030313314,132201000.0,132168000.0,time_exit,-0.16496198969750286
2025-12-24,btc_orb_v1,no_trade,no_qualified_breakout_before_cutoff_after_volume_vwap_filters,,,,,,,,,,,,
2025-12-25,btc_orb_v1,no_trade,no_qualified_breakout_before_cutoff_after_volume_vwap_filters,,,,,,,,,,,,
2025-12-26,btc_orb_v1,trade,fresh_breakout+volume+vwap_pass,11:10,11:15,11:25,128607000.0,128369000.0,129300000.0,128496556.023203,2.328166472132328,129254000.0,130546540.0,take_profit,0.8600000000000009
2025-12-27,btc_orb_v1,no_trade,no_qualified_breakout_before_cutoff_after_volume_vwap_filters,,,,,,,,,,,,
2025-12-28,btc_orb_v1,no_trade,no_qualified_breakout_before_cutoff_after_volume_vwap_filters,,,,,,,,,,,,
2025-12-29,btc_orb_v1,trade,fresh_breakout+volume+vwap_pass,09:30,09:35,10:30,128000000.0,127859000.0,128029000.0,127965927.82261604,4.232238670863084,128000000.0,127770000.0,time_exit,-0.3196875000000031
2025-12-30,btc_orb_v1,no_trade,no_qualified_breakout_before_cutoff_after_volume_vwap_filters,,,,,,,,,,,,
2026-01-01,btc_orb_v1,trade,fresh_breakout+volume+vwap_pass,09:05,09:10,10:05,128070000.0,127997000.0,128104000.0,128066535.24734733,1.6580014044054627,128104000.0,128297000.0,time_exit,0.010658839692741062
2026-01-02,btc_orb_v1,no_trade,no_qualified_breakout_before_cutoff_after_volume_vwap_filters,,,,,,,,,,,,
2026-01-03,btc_orb_v1,no_trade,no_qualified_breakout_before_cutoff_after_volume_vwap_filters,,,,,,,,,,,,
2026-01-04,btc_orb_v1,trade,fresh_breakout+volume+vwap_pass,09:05,09:10,10:05,131396000.0,131060000.0,131799000.0,131704972.34134291,4.509081709265106,131861000.0,132182000.0,time_exit,0.10343816594747379
2026-01-05,btc_orb_v1,no_trade,no_qualified_breakout_before_cutoff_after_volume_vwap_filters,,,,,,,,,,,,
2026-01-06,btc_orb_v1,trade,fresh_breakout+volume+vwap_pass,10:25,10:30,11:25,136312000.0,136074000.0,136384000.0,135724482.42603165,1.3493261012201634,136405000.0,135775000.0,time_exit,-0.6018599024962422
2026-01-07,btc_orb_v1,no_trade,no_qualified_breakout_before_cutoff_after_volume_vwap_filters,,,,,,,,,,,,
2026-01-08,btc_orb_v1,no_trade,no_qualified_breakout_before_cutoff_after_volume_vwap_filters,,,,,,,,,,,,
2026-01-09,btc_orb_v1,no_trade,no_qualified_breakout_before_cutoff_after_volume_vwap_filters,,,,,,,,,,,,
2026-01-10,btc_orb_v1,no_trade,no_qualified_breakout_before_cutoff_after_volume_vwap_filters,,,,,,,,,,,,
2026-01-11,btc_orb_v1,no_trade,no_qualified_breakout_before_cutoff_after_volume_vwap_filters,,,,,,,,,,,,
2026-01-12,btc_orb_v1,no_trade,no_qualified_breakout_before_cutoff_after_volume_vwap_filters,,,,,,,,,,,,
2026-01-13,btc_orb_v1,no_trade,no_qualified_breakout_before_cutoff_after_volume_vwap_filters,,,,,,,,,,,,
2026-01-14,btc_orb_v1,no_trade,no_qualified_breakout_before_cutoff_after_volume_vwap_filters,,,,,,,,,,,,
2026-01-15,btc_orb_v1,no_trade,no_qualified_breakout_before_cutoff_after_volume_vwap_filters,,,,,,,,,,,,
2026-01-16,btc_orb_v1,no_trade,no_qualified_breakout_before_cutoff_after_volume_vwap_filters,,,,,,,,,,,,
2026-01-17,btc_orb_v1,no_trade,no_qualified_breakout_before_cutoff_after_volume_vwap_filters,,,,,,,,,,,,
2026-01-18,btc_orb_v1,no_trade,no_qualified_breakout_before_cutoff_after_volume_vwap_filters,,,,,,,,,,,,
2026-01-19,btc_orb_v1,no_trade,no_qualified_breakout_before_cutoff_after_volume_vwap_filters,,,,,,,,,,,,
2026-01-20,btc_orb_v1,no_trade,no_qualified_breakout_before_cutoff_after_volume_vwap_filters,,,,,,,,,,,,
2026-01-21,btc_orb_v1,no_trade,no_qualified_breakout_before_cutoff_after_volume_vwap_filters,,,,,,,,,,,,
2026-01-22,btc_orb_v1,no_trade,no_qualified_breakout_before_cutoff_after_volume_vwap_filters,,,,,,,,,,,,
2026-01-23,btc_orb_v1,trade,fresh_breakout+volume+vwap_pass,09:10,09:15,10:10,132950000.0,132811000.0,132991000.0,132879995.78129932,1.4398101833287515,132991000.0,132973000.0,time_exit,-0.15353475047183307
2026-01-24,btc_orb_v1,no_trade,no_qualified_breakout_before_cutoff_after_volume_vwap_filters,,,,,,,,,,,,
2026-01-25,btc_orb_v1,no_trade,no_qualified_breakout_before_cutoff_after_volume_vwap_filters,,,,,,,,,,,,
2026-01-26,btc_orb_v1,trade,fresh_breakout+volume+vwap_pass,10:05,10:10,11:05,128701000.0,128412000.0,128885000.0,128581644.89365569,1.3580773793414347,128885000.0,128852000.0,time_exit,-0.16560422081701043
2026-01-27,btc_orb_v1,trade,fresh_breakout+volume+vwap_pass,09:20,09:25,10:20,129588000.0,129411000.0,129853000.0,129595174.01500152,1.821998722078363,129810000.0,129760000.0,time_exit,-0.17851783375703467
2026-01-28,btc_orb_v1,trade,fresh_breakout+volume+vwap_pass,09:25,09:30,10:25,129694000.0,129440000.0,129728000.0,129577427.26550905,1.5194279828519657,129723000.0,129699000.0,time_exit,-0.15850095973728873
2026-01-29,btc_orb_v1,no_trade,no_qualified_breakout_before_cutoff_after_volume_vwap_filters,,,,,,,,,,,,
2026-01-30,btc_orb_v1,no_trade,no_qualified_breakout_before_cutoff_after_volume_vwap_filters,,,,,,,,,,,,
2026-01-31,btc_orb_v1,no_trade,no_qualified_breakout_before_cutoff_after_volume_vwap_filters,,,,,,,,,,,,
2026-02-01,btc_orb_v1,no_trade,no_qualified_breakout_before_cutoff_after_volume_vwap_filters,,,,,,,,,,,,
2026-02-02,btc_orb_v1,trade,fresh_breakout+volume+vwap_pass,09:05,09:10,09:25,113615000.0,112993000.0,114246000.0,113591591.38059708,1.3828034349273821,114246000.0,115388460.0,take_profit,0.8600000000000009
2026-02-03,btc_orb_v1,no_trade,no_qualified_breakout_before_cutoff_after_volume_vwap_filters,,,,,,,,,,,,
2026-02-04,btc_orb_v1,no_trade,no_qualified_breakout_before_cutoff_after_volume_vwap_filters,,,,,,,,,,,,
2026-02-05,btc_orb_v1,no_trade,no_qualified_breakout_before_cutoff_after_volume_vwap_filters,,,,,,,,,,,,
2026-02-06,btc_orb_v1,no_trade,no_qualified_breakout_before_cutoff_after_volume_vwap_filters,,,,,,,,,,,,
2026-02-07,btc_orb_v1,no_trade,no_qualified_breakout_before_cutoff_after_volume_vwap_filters,,,,,,,,,,,,
2026-02-08,btc_orb_v1,no_trade,no_qualified_breakout_before_cutoff_after_volume_vwap_filters,,,,,,,,,,,,
2026-02-09,btc_orb_v1,no_trade,no_qualified_breakout_before_cutoff_after_volume_vwap_filters,,,,,,,,,,,,
2026-02-10,btc_orb_v1,no_trade,no_qualified_breakout_before_cutoff_after_volume_vwap_filters,,,,,,,,,,,,
2026-02-11,btc_orb_v1,trade,fresh_breakout+volume+vwap_pass,09:05,09:10,10:05,102160000.0,102099000.0,102309000.0,102207388.03891802,1.306307038743712,102310000.0,102600000.0,time_exit,0.14345225295669517
2026-02-12,btc_orb_v1,no_trade,no_qualified_breakout_before_cutoff_after_volume_vwap_filters,,,,,,,,,,,,
2026-02-13,btc_orb_v1,no_trade,no_qualified_breakout_before_cutoff_after_volume_vwap_filters,,,,,,,,,,,,
2026-02-14,btc_orb_v1,no_trade,no_qualified_breakout_before_cutoff_after_volume_vwap_filters,,,,,,,,,,,,
2026-02-15,btc_orb_v1,trade,fresh_breakout+volume+vwap_pass,10:05,10:10,10:25,102933000.0,102800000.0,102978000.0,102771650.90711945,1.3267246491151254,102970000.0,102455150.0,stop,-0.6400000000000005
2026-02-16,btc_orb_v1,trade,fresh_breakout+volume+vwap_pass,09:05,09:10,10:05,102185000.0,102000000.0,102420000.0,102245847.8558101,1.7756784975560012,102463000.0,102444000.0,time_exit,-0.15854327903730858
2026-02-17,btc_orb_v1,trade,fresh_breakout+volume+vwap_pass,11:10,11:15,12:00,101944000.0,101772000.0,102265000.0,101942817.96320368,3.22119871381362,102289000.0,101777555.0,stop,-0.6400000000000005
2026-02-18,btc_orb_v1,no_trade,no_qualified_breakout_before_cutoff_after_volume_vwap_filters,,,,,,,,,,,,
2026-02-19,btc_orb_v1,no_trade,no_qualified_breakout_before_cutoff_after_volume_vwap_filters,,,,,,,,,,,,
2026-02-20,btc_orb_v1,trade,fresh_breakout+volume+vwap_pass,09:10,09:15,10:10,98874000.0,98725000.0,99093000.0,98928192.89237148,2.847931246982025,99097000.0,99309000.0,time_exit,0.07393180419184697
2026-02-21,btc_orb_v1,no_trade,no_qualified_breakout_before_cutoff_after_volume_vwap_filters,,,,,,,,,,,,
2026-02-22,btc_orb_v1,no_trade,no_qualified_breakout_before_cutoff_after_volume_vwap_filters,,,,,,,,,,,,
2026-02-23,btc_orb_v1,no_trade,no_qualified_breakout_before_cutoff_after_volume_vwap_filters,,,,,,,,,,,,
2026-02-24,btc_orb_v1,no_trade,no_qualified_breakout_before_cutoff_after_volume_vwap_filters,,,,,,,,,,,,
2026-02-25,btc_orb_v1,no_trade,no_qualified_breakout_before_cutoff_after_volume_vwap_filters,,,,,,,,,,,,
2026-02-26,btc_orb_v1,no_trade,no_qualified_breakout_before_cutoff_after_volume_vwap_filters,,,,,,,,,,,,
2026-02-27,btc_orb_v1,trade,fresh_breakout+volume+vwap_pass,11:00,11:05,12:00,97500000.0,97364000.0,97580000.0,97128397.09093115,1.653778262670623,97550000.0,97150000.0,time_exit,-0.5500461301896452
2026-02-28,btc_orb_v1,no_trade,no_qualified_breakout_before_cutoff_after_volume_vwap_filters,,,,,,,,,,,,
2026-03-01,btc_orb_v1,trade,fresh_breakout+volume+vwap_pass,10:45,10:50,11:00,97884000.0,97574000.0,97900000.0,97088088.44544159,1.8022031337711788,97883000.0,98861830.0,take_profit,0.8600000000000009
2026-03-02,btc_orb_v1,no_trade,no_qualified_breakout_before_cutoff_after_volume_vwap_filters,,,,,,,,,,,,
2026-03-03,btc_orb_v1,no_trade,no_qualified_breakout_before_cutoff_after_volume_vwap_filters,,,,,,,,,,,,
2026-03-04,btc_orb_v1,trade,fresh_breakout+volume+vwap_pass,09:20,09:25,09:35,100340000.0,100206000.0,100400000.0,100264400.4198967,3.3346025901031617,100431000.0,99928845.0,stop,-0.6400000000000005
2026-03-05,btc_orb_v1,no_trade,no_qualified_breakout_before_cutoff_after_volume_vwap_filters,,,,,,,,,,,,
2026-03-06,btc_orb_v1,no_trade,no_qualified_breakout_before_cutoff_after_volume_vwap_filters,,,,,,,,,,,,
2026-03-07,btc_orb_v1,no_trade,no_qualified_breakout_before_cutoff_after_volume_vwap_filters,,,,,,,,,,,,
2026-03-08,btc_orb_v1,no_trade,no_qualified_breakout_before_cutoff_after_volume_vwap_filters,,,,,,,,,,,,
2026-03-09,btc_orb_v1,no_trade,no_qualified_breakout_before_cutoff_after_volume_vwap_filters,,,,,,,,,,,,
2026-03-10,btc_orb_v1,no_trade,no_qualified_breakout_before_cutoff_after_volume_vwap_filters,,,,,,,,,,,,
2026-03-11,btc_orb_v1,no_trade,no_qualified_breakout_before_cutoff_after_volume_vwap_filters,,,,,,,,,,,,
2026-03-12,btc_orb_v1,no_trade,no_qualified_breakout_before_cutoff_after_volume_vwap_filters,,,,,,,,,,,,
2026-03-13,btc_orb_v1,trade,fresh_breakout+volume+vwap_pass,09:05,09:10,09:15,103281000.0,103087000.0,103351000.0,103280022.62150754,2.542404035588389,103359000.0,104392590.0,take_profit,0.8600000000000009
2026-03-14,btc_orb_v1,no_trade,no_qualified_breakout_before_cutoff_after_volume_vwap_filters,,,,,,,,,,,,
2026-03-15,btc_orb_v1,no_trade,no_qualified_breakout_before_cutoff_after_volume_vwap_filters,,,,,,,,,,,,
2026-03-16,btc_orb_v1,no_trade,no_qualified_breakout_before_cutoff_after_volume_vwap_filters,,,,,,,,,,,,
2026-03-17,btc_orb_v1,trade,fresh_breakout+volume+vwap_pass,09:05,09:10,10:05,110150000.0,109832000.0,110495000.0,110202279.90500514,1.8841835438132482,110495000.0,111312000.0,time_exit,0.5993999728494416
2026-03-18,btc_orb_v1,no_trade,no_qualified_breakout_before_cutoff_after_volume_vwap_filters,,,,,,,,,,,,
2026-03-19,btc_orb_v1,no_trade,no_qualified_breakout_before_cutoff_after_volume_vwap_filters,,,,,,,,,,,,
2026-03-20,btc_orb_v1,no_trade,no_qualified_breakout_before_cutoff_after_volume_vwap_filters,,,,,,,,,,,,
2026-03-21,btc_orb_v1,no_trade,no_qualified_breakout_before_cutoff_after_volume_vwap_filters,,,,,,,,,,,,
2026-03-22,btc_orb_v1,no_trade,no_qualified_breakout_before_cutoff_after_volume_vwap_filters,,,,,,,,,,,,
2026-03-23,btc_orb_v1,no_trade,no_qualified_breakout_before_cutoff_after_volume_vwap_filters,,,,,,,,,,,,
2026-03-24,btc_orb_v1,no_trade,no_qualified_breakout_before_cutoff_after_volume_vwap_filters,,,,,,,,,,,,
2026-03-25,btc_orb_v1,no_trade,no_qualified_breakout_before_cutoff_after_volume_vwap_filters,,,,,,,,,,,,
2026-03-26,btc_orb_v1,no_trade,no_qualified_breakout_before_cutoff_after_volume_vwap_filters,,,,,,,,,,,,
2026-03-27,btc_orb_v1,no_trade,no_qualified_breakout_before_cutoff_after_volume_vwap_filters,,,,,,,,,,,,
2026-03-28,btc_orb_v1,no_trade,no_qualified_breakout_before_cutoff_after_volume_vwap_filters,,,,,,,,,,,,
2026-03-29,btc_orb_v1,trade,fresh_breakout+volume+vwap_pass,09:30,09:35,10:30,100955000.0,100802000.0,100973000.0,100905640.42451327,2.3180963665624534,100935000.0,101030000.0,time_exit,-0.045880021796211756
2026-03-30,btc_orb_v1,trade,fresh_breakout+volume+vwap_pass,09:15,09:20,09:25,100530000.0,100300000.0,101580000.0,100736505.65591578,3.7692506048071155,101580000.0,101072100.0,stop,-0.6400000000000005
2026-03-31,btc_orb_v1,no_trade,no_qualified_breakout_before_cutoff_after_volume_vwap_filters,,,,,,,,,,,,
2026-04-01,btc_orb_v1,no_trade,no_qualified_breakout_before_cutoff_after_volume_vwap_filters,,,,,,,,,,,,
2026-04-02,btc_orb_v1,no_trade,no_qualified_breakout_before_cutoff_after_volume_vwap_filters,,,,,,,,,,,,
2026-04-03,btc_orb_v1,no_trade,no_qualified_breakout_before_cutoff_after_volume_vwap_filters,,,,,,,,,,,,
2026-04-04,btc_orb_v1,no_trade,no_qualified_breakout_before_cutoff_after_volume_vwap_filters,,,,,,,,,,,,
2026-04-05,btc_orb_v1,no_trade,no_qualified_breakout_before_cutoff_after_volume_vwap_filters,,,,,,,,,,,,
2026-04-06,btc_orb_v1,no_trade,no_qualified_breakout_before_cutoff_after_volume_vwap_filters,,,,,,,,,,,,
2026-04-07,btc_orb_v1,no_trade,no_qualified_breakout_before_cutoff_after_volume_vwap_filters,,,,,,,,,,,,
2026-04-08,btc_orb_v1,no_trade,no_qualified_breakout_before_cutoff_after_volume_vwap_filters,,,,,,,,,,,,
2026-04-09,btc_orb_v1,no_trade,no_qualified_breakout_before_cutoff_after_volume_vwap_filters,,,,,,,,,,,,
2026-04-10,btc_orb_v1,trade,fresh_breakout+volume+vwap_pass,09:20,09:25,10:20,106743000.0,106588000.0,106761000.0,106735710.83345571,1.4218641330761264,106740000.0,106964000.0,time_exit,0.0698557241896115
2026-04-11,btc_orb_v1,no_trade,no_qualified_breakout_before_cutoff_after_volume_vwap_filters,,,,,,,,,,,,
2026-04-13,btc_orb_v1,no_trade,no_qualified_breakout_before_cutoff_after_volume_vwap_filters,,,,,,,,,,,,
2026-04-14,btc_orb_v1,no_trade,no_qualified_breakout_before_cutoff_after_volume_vwap_filters,,,,,,,,,,,,
2026-04-15,btc_orb_v1,no_trade,no_qualified_breakout_before_cutoff_after_volume_vwap_filters,,,,,,,,,,,,
2026-04-16,btc_orb_v1,no_trade,no_qualified_breakout_before_cutoff_after_volume_vwap_filters,,,,,,,,,,,,
2026-04-17,btc_orb_v1,no_trade,no_qualified_breakout_before_cutoff_after_volume_vwap_filters,,,,,,,,,,,,
2026-04-18,btc_orb_v1,no_trade,no_qualified_breakout_before_cutoff_after_volume_vwap_filters,,,,,,,,,,,,
2026-04-19,btc_orb_v1,no_trade,no_qualified_breakout_before_cutoff_after_volume_vwap_filters,,,,,,,,,,,,
2026-04-20,btc_orb_v1,no_trade,no_qualified_breakout_before_cutoff_after_volume_vwap_filters,,,,,,,,,,,,
2026-04-21,btc_orb_v1,no_trade,no_qualified_breakout_before_cutoff_after_volume_vwap_filters,,,,,,,,,,,,
2026-04-22,btc_orb_v1,trade,fresh_breakout+volume+vwap_pass,11:10,11:15,11:55,113200000.0,113034000.0,113519000.0,113103193.62054543,2.4424609376695305,113519000.0,114654190.0,take_profit,0.8600000000000009
2026-04-23,btc_orb_v1,trade,fresh_breakout+volume+vwap_pass,09:15,09:20,10:15,116201000.0,115900000.0,116284000.0,115952360.4301568,1.2998886508508203,116401000.0,116040000.0,time_exit,-0.45013479265642464
2026-04-24,btc_orb_v1,no_trade,no_qualified_breakout_before_cutoff_after_volume_vwap_filters,,,,,,,,,,,,
2026-04-25,btc_orb_v1,trade,fresh_breakout+volume+vwap_pass,10:10,10:15,11:10,115499000.0,115395000.0,115532000.0,115390708.87247807,1.6164736549533176,115538000.0,115508000.0,time_exit,-0.16596548321763815
2026-04-26,btc_orb_v1,no_trade,no_qualified_breakout_before_cutoff_after_volume_vwap_filters,,,,,,,,,,,,
2026-04-27,btc_orb_v1,no_trade,no_qualified_breakout_before_cutoff_after_volume_vwap_filters,,,,,,,,,,,,
2026-04-28,btc_orb_v1,no_trade,no_qualified_breakout_before_cutoff_after_volume_vwap_filters,,,,,,,,,,,,
2026-04-29,btc_orb_v1,no_trade,no_qualified_breakout_before_cutoff_after_volume_vwap_filters,,,,,,,,,,,,
2026-04-30,btc_orb_v1,no_trade,no_qualified_breakout_before_cutoff_after_volume_vwap_filters,,,,,,,,,,,,
2026-05-01,btc_orb_v1,no_trade,no_qualified_breakout_before_cutoff_after_volume_vwap_filters,,,,,,,,,,,,
2026-05-02,btc_orb_v1,no_trade,no_qualified_breakout_before_cutoff_after_volume_vwap_filters,,,,,,,,,,,,
2026-05-03,btc_orb_v1,no_trade,no_qualified_breakout_before_cutoff_after_volume_vwap_filters,,,,,,,,,,,,
2026-05-04,btc_orb_v1,trade,fresh_breakout+volume+vwap_pass,10:30,10:35,11:00,116622000.0,116491000.0,116966000.0,116481171.06878068,1.3905704415326496,116968000.0,118137680.0,take_profit,0.8600000000000009
2026-05-05,btc_orb_v1,no_trade,no_qualified_breakout_before_cutoff_after_volume_vwap_filters,,,,,,,,,,,,
2026-05-06,btc_orb_v1,no_trade,no_qualified_breakout_before_cutoff_after_volume_vwap_filters,,,,,,,,,,,,
2026-05-07,btc_orb_v1,no_trade,no_qualified_breakout_before_cutoff_after_volume_vwap_filters,,,,,,,,,,,,
2026-05-08,btc_orb_v1,no_trade,no_qualified_breakout_before_cutoff_after_volume_vwap_filters,,,,,,,,,,,,
2026-05-09,btc_orb_v1,no_trade,no_qualified_breakout_before_cutoff_after_volume_vwap_filters,,,,,,,,,,,,
2026-05-10,btc_orb_v1,no_trade,no_qualified_breakout_before_cutoff_after_volume_vwap_filters,,,,,,,,,,,,
2026-05-11,btc_orb_v1,no_trade,no_qualified_breakout_before_cutoff_after_volume_vwap_filters,,,,,,,,,,,,
2026-05-12,btc_orb_v1,no_trade,no_qualified_breakout_before_cutoff_after_volume_vwap_filters,,,,,,,,,,,,
2026-05-13,btc_orb_v1,no_trade,no_qualified_breakout_before_cutoff_after_volume_vwap_filters,,,,,,,,,,,,
2026-05-14,btc_orb_v1,no_trade,no_qualified_breakout_before_cutoff_after_volume_vwap_filters,,,,,,,,,,,,
2026-05-15,btc_orb_v1,no_trade,no_qualified_breakout_before_cutoff_after_volume_vwap_filters,,,,,,,,,,,,
2026-05-16,btc_orb_v1,no_trade,no_qualified_breakout_before_cutoff_after_volume_vwap_filters,,,,,,,,,,,,
2026-05-17,btc_orb_v1,no_trade,no_qualified_breakout_before_cutoff_after_volume_vwap_filters,,,,,,,,,,,,
2026-05-18,btc_orb_v1,no_trade,no_qualified_breakout_before_cutoff_after_volume_vwap_filters,,,,,,,,,,,,
2026-05-19,btc_orb_v1,no_trade,no_qualified_breakout_before_cutoff_after_volume_vwap_filters,,,,,,,,,,,,
2026-05-20,btc_orb_v1,no_trade,no_qualified_breakout_before_cutoff_after_volume_vwap_filters,,,,,,,,,,,,
2026-05-21,btc_orb_v1,no_trade,no_qualified_breakout_before_cutoff_after_volume_vwap_filters,,,,,,,,,,,,
2026-05-22,btc_orb_v1,no_trade,no_qualified_breakout_before_cutoff_after_volume_vwap_filters,,,,,,,,,,,,
2026-05-23,btc_orb_v1,no_trade,no_qualified_breakout_before_cutoff_after_volume_vwap_filters,,,,,,,,,,,,
2026-05-24,btc_orb_v1,no_trade,no_qualified_breakout_before_cutoff_after_volume_vwap_filters,,,,,,,,,,,,
2026-05-25,btc_orb_v1,trade,fresh_breakout+volume+vwap_pass,11:05,11:10,12:05,115490000.0,115293000.0,115541000.0,115338034.88075061,1.5317140229091675,115559000.0,115219000.0,time_exit,-0.4342219991519446
2026-05-26,btc_orb_v1,no_trade,no_qualified_breakout_before_cutoff_after_volume_vwap_filters,,,,,,,,,,,,
2026-05-27,btc_orb_v1,no_trade,no_qualified_breakout_before_cutoff_after_volume_vwap_filters,,,,,,,,,,,,
2026-05-28,btc_orb_v1,no_trade,no_qualified_breakout_before_cutoff_after_volume_vwap_filters,,,,,,,,,,,,
2026-05-29,btc_orb_v1,no_trade,no_qualified_breakout_before_cutoff_after_volume_vwap_filters,,,,,,,,,,,,
2026-05-30,btc_orb_v1,trade,fresh_breakout+volume+vwap_pass,09:15,09:20,10:15,108896000.0,108770000.0,108921000.0,108868147.09454826,1.9854979758443525,108943000.0,109097000.0,time_exit,0.0013583249956440335
2026-05-31,btc_orb_v1,no_trade,no_qualified_breakout_before_cutoff_after_volume_vwap_filters,,,,,,,,,,,,
2026-06-01,btc_orb_v1,no_trade,no_qualified_breakout_before_cutoff_after_volume_vwap_filters,,,,,,,,,,,,
2026-06-02,btc_orb_v1,no_trade,no_qualified_breakout_before_cutoff_after_volume_vwap_filters,,,,,,,,,,,,
2026-06-03,btc_orb_v1,trade,fresh_breakout+volume+vwap_pass,09:05,09:10,10:05,98840000.0,98720000.0,98912000.0,98812709.37355155,1.2194263335540867,98911000.0,99138000.0,time_exit,0.08949924679762644
2026-06-04,btc_orb_v1,no_trade,no_qualified_breakout_before_cutoff_after_volume_vwap_filters,,,,,,,,,,,,
2026-06-05,btc_orb_v1,no_trade,no_qualified_breakout_before_cutoff_after_volume_vwap_filters,,,,,,,,,,,,
2026-06-06,btc_orb_v1,no_trade,no_qualified_breakout_before_cutoff_after_volume_vwap_filters,,,,,,,,,,,,
2026-06-07,btc_orb_v1,trade,fresh_breakout+volume+vwap_pass,10:00,10:05,11:00,92590000.0,92446000.0,92775000.0,92517754.87689294,2.401460134599808,92748000.0,93361000.0,time_exit,0.5209306939233228
2026-06-08,btc_orb_v1,trade,fresh_breakout+volume+vwap_pass,09:25,09:30,10:10,95528000.0,95258000.0,95687000.0,95331677.12624806,1.5340931961108113,95687000.0,95208565.0,stop,-0.6400000000000005
2026-06-09,btc_orb_v1,no_trade,no_qualified_breakout_before_cutoff_after_volume_vwap_filters,,,,,,,,,,,,
2026-06-10,btc_orb_v1,no_trade,no_qualified_breakout_before_cutoff_after_volume_vwap_filters,,,,,,,,,,,,
2026-06-11,btc_orb_v1,no_trade,no_qualified_breakout_before_cutoff_after_volume_vwap_filters,,,,,,,,,,,,
2026-06-12,btc_orb_v1,trade,fresh_breakout+volume+vwap_pass,09:05,09:10,10:05,95702000.0,95545000.0,95885000.0,95722761.81643106,1.4685545135389568,95886000.0,95406570.0,stop,-0.6400000000000005
2026-06-13,btc_orb_v1,trade,fresh_breakout+volume+vwap_pass,10:35,10:40,11:35,96100000.0,95949000.0,96132000.0,96011835.50934714,1.6288539512314046,96133000.0,96159000.0,time_exit,-0.11295413645679309
2026-06-14,btc_orb_v1,no_trade,no_qualified_breakout_before_cutoff_after_volume_vwap_filters,,,,,,,,,,,,
2026-06-15,btc_orb_v1,no_trade,no_qualified_breakout_before_cutoff_after_volume_vwap_filters,,,,,,,,,,,,
2026-06-16,btc_orb_v1,trade,fresh_breakout+volume+vwap_pass,09:05,09:10,10:05,99650000.0,99533000.0,99766000.0,99651111.53682683,1.4470262111466283,99709000.0,99655000.0,time_exit,-0.19415759861195914
2026-06-17,btc_orb_v1,no_trade,no_qualified_breakout_before_cutoff_after_volume_vwap_filters,,,,,,,,,,,,
2026-06-18,btc_orb_v1,no_trade,no_qualified_breakout_before_cutoff_after_volume_vwap_filters,,,,,,,,,,,,
2026-06-19,btc_orb_v1,trade,fresh_breakout+volume+vwap_pass,09:30,09:35,10:30,94995000.0,94883000.0,95025000.0,94951871.31314704,2.647026603027652,95025000.0,94942000.0,time_exit,-0.22734543541173424
2026-06-20,btc_orb_v1,trade,fresh_breakout+volume+vwap_pass,09:25,09:30,10:25,96172000.0,95951000.0,96189000.0,96053018.01310681,1.270541986408425,96189000.0,96039000.0,time_exit,-0.29594298724386225
2026-06-21,btc_orb_v1,no_trade,no_qualified_breakout_before_cutoff_after_volume_vwap_filters,,,,,,,,,,,,
2026-06-22,btc_orb_v1,no_trade,no_qualified_breakout_before_cutoff_after_volume_vwap_filters,,,,,,,,,,,,
2026-06-23,btc_orb_v1,no_trade,no_qualified_breakout_before_cutoff_after_volume_vwap_filters,,,,,,,,,,,,
2026-06-24,btc_orb_v1,no_trade,no_qualified_breakout_before_cutoff_after_volume_vwap_filters,,,,,,,,,,,,
2026-06-25,btc_orb_v1,no_trade,no_qualified_breakout_before_cutoff_after_volume_vwap_filters,,,,,,,,,,,,
2026-06-26,btc_orb_v1,no_trade,no_qualified_breakout_before_cutoff_after_volume_vwap_filters,,,,,,,,,,,,
2026-06-27,btc_orb_v1,trade,fresh_breakout+volume+vwap_pass,11:20,11:25,12:20,91166000.0,91121000.0,91285000.0,91005097.7756035,2.8344902156514276,91285000.0,91569000.0,time_exit,0.17111354548940538
2026-06-28,btc_orb_v1,no_trade,no_qualified_breakout_before_cutoff_after_volume_vwap_filters,,,,,,,,,,,,
2026-06-29,btc_orb_v1,no_trade,no_qualified_breakout_before_cutoff_after_volume_vwap_filters,,,,,,,,,,,,
2026-06-30,btc_orb_v1,no_trade,no_qualified_breakout_before_cutoff_after_volume_vwap_filters,,,,,,,,,,,,
2026-07-01,btc_orb_v1,trade,fresh_breakout+volume+vwap_pass,10:35,10:40,11:35,89382000.0,89290000.0,89689000.0,89098619.41196685,2.066003712663028,89670000.0,89995000.0,time_exit,0.22244005799039857
2026-07-02,btc_orb_v1,no_trade,no_qualified_breakout_before_cutoff_after_volume_vwap_filters,,,,,,,,,,,,
2026-07-03,btc_orb_v1,no_trade,no_qualified_breakout_before_cutoff_after_volume_vwap_filters,,,,,,,,,,,,
2026-07-04,btc_orb_v1,no_trade,no_qualified_breakout_before_cutoff_after_volume_vwap_filters,,,,,,,,,,,,
2026-07-06,btc_orb_v1,no_trade,no_qualified_breakout_before_cutoff_after_volume_vwap_filters,,,,,,,,,,,,
2026-07-07,btc_orb_v1,trade,fresh_breakout+volume+vwap_pass,09:20,09:25,10:05,96197000.0,96041000.0,96390000.0,96187869.54197842,4.2078005575474995,96390000.0,95908050.0,stop,-0.6400000000000005
2026-07-08,btc_orb_v1,no_trade,no_qualified_breakout_before_cutoff_after_volume_vwap_filters,,,,,,,,,,,,
2026-07-09,btc_orb_v1,trade,fresh_breakout+volume+vwap_pass,10:05,10:10,10:40,92971000.0,92779000.0,93317000.0,92799042.40185949,1.2832439412882957,93315000.0,92848425.0,stop,-0.6400000000000005
2026-07-10,btc_orb_v1,trade,fresh_breakout+volume+vwap_pass,10:20,10:25,11:20,94379000.0,94212000.0,94474000.0,94189900.7688472,1.7984648451049774,94474000.0,95418740.0,take_profit,0.8600000000000009
2026-07-11,btc_orb_v1,no_trade,no_qualified_breakout_before_cutoff_after_volume_vwap_filters,,,,,,,,,,,,
2026-07-12,btc_orb_v1,no_trade,no_qualified_breakout_before_cutoff_after_volume_vwap_filters,,,,,,,,,,,,
2026-07-13,btc_orb_v1,no_trade,no_qualified_breakout_before_cutoff_after_volume_vwap_filters,,,,,,,,,,,,
2026-07-14,btc_orb_v1,no_trade,no_qualified_breakout_before_cutoff_after_volume_vwap_filters,,,,,,,,,,,,
2026-07-15,btc_orb_v1,no_trade,no_qualified_breakout_before_cutoff_after_volume_vwap_filters,,,,,,,,,,,,
2026-07-16,btc_orb_v1,trade,fresh_breakout+volume+vwap_pass,09:05,09:10,09:35,95182000.0,95059000.0,95212000.0,95154547.34239231,2.022391850172137,95212000.0,94735940.0,stop,-0.6400000000000005
2026-07-17,btc_orb_v1,trade,fresh_breakout+volume+vwap_pass,09:15,09:20,10:15,93949000.0,93826000.0,93977000.0,93930526.34519047,1.471701237646621,94003000.0,94068000.0,time_exit,-0.07085327064030744
2026-07-18,btc_orb_v1,trade,fresh_breakout+volume+vwap_pass,09:15,09:20,10:15,94328000.0,94185000.0,94349000.0,94288231.03840055,2.5793632937700104,94370000.0,94202000.0,time_exit,-0.3180226766981086
2026-07-19,btc_orb_v1,no_trade,no_qualified_breakout_before_cutoff_after_volume_vwap_filters,,,,,,,,,,,,
2026-07-20,btc_orb_v1,trade,fresh_breakout+volume+vwap_pass,09:05,09:10,09:50,95122000.0,94960000.0,95438000.0,95197642.44257556,1.412337709466619,95437000.0,94959815.0,stop,-0.6400000000000005
2026-07-21,btc_orb_v1,trade,fresh_breakout+volume+vwap_pass,09:15,09:20,10:15,95250000.0,95122000.0,95372000.0,95216541.11940207,1.412610067087934,95372000.0,95639000.0,time_exit,0.1399563813278505
2026-07-22,btc_orb_v1,trade,fresh_breakout+volume+vwap_pass,09:05,09:10,10:05,97360000.0,97157000.0,97451000.0,97372506.7120555,1.6579899778222593,97460000.0,97455000.0,time_exit,-0.14513030987071562
2026-07-23,btc_orb_v1,trade,fresh_breakout+volume+vwap_pass,09:05,09:10,10:05,96590000.0,96524000.0,96687000.0,96609530.18462619,1.4041980850403433,96687000.0,96276000.0,time_exit,-0.5650829997827999
2026-07-24,btc_orb_v1,no_trade,no_qualified_breakout_before_cutoff_after_volume_vwap_filters,,,,,,,,,,,,
2026-07-25,btc_orb_v1,no_trade,no_qualified_breakout_before_cutoff_after_volume_vwap_filters,,,,,,,,,,,,
2026-07-26,btc_orb_v1,no_trade,no_qualified_breakout_before_cutoff_after_volume_vwap_filters,,,,,,,,,,,,
2026-07-27,btc_orb_v1,no_trade,no_qualified_breakout_before_cutoff_after_volume_vwap_filters,,,,,,,,,,,,
2026-07-28,btc_orb_v1,no_trade,no_qualified_breakout_before_cutoff_after_volume_vwap_filters,,,,,,,,,,,,
2026-07-29,btc_orb_v1,trade,fresh_breakout+volume+vwap_pass,09:05,09:10,10:05,92842000.0,92658000.0,92894000.0,92849329.4598872,1.785483083885328,92894000.0,92587000.0,time_exit,-0.47048420780674716
2026-07-30,btc_orb_v1,trade,fresh_breakout+volume+vwap_pass,09:05,09:10,09:40,91438000.0,91374000.0,91482000.0,91450098.68713403,3.429245490267162,91482000.0,91024590.0,stop,-0.6400000000000005
2026-07-31,btc_orb_v1,no_trade,no_qualified_breakout_before_cutoff_after_volume_vwap_filters,,,,,,,,,,,,
2026-08-01,btc_orb_v1,no_trade,no_qualified_breakout_before_cutoff_after_volume_vwap_filters,,,,,,,,,,,,
2026-08-02,btc_orb_v1,trade,fresh_breakout+volume+vwap_pass,11:05,11:10,12:05,90708000.0,90522000.0,91129000.0,90809886.49080738,5.596313452347875,91079000.0,91251000.0,time_exit,0.04884704487314162
2026-08-03,btc_orb_v1,no_trade,no_qualified_breakout_before_cutoff_after_volume_vwap_filters,,,,,,,,,,,,
2026-08-04,btc_orb_v1,trade,fresh_breakout+volume+vwap_pass,10:40,10:45,11:40,90505000.0,90354000.0,90620000.0,90269454.45210488,1.3852833504261828,90619000.0,90685000.0,time_exit,-0.067167591785393
2026-08-05,btc_orb_v1,no_trade,no_qualified_breakout_before_cutoff_after_volume_vwap_filters,,,,,,,,,,,,
2026-08-06,btc_orb_v1,no_trade,no_qualified_breakout_before_cutoff_after_volume_vwap_filters,,,,,,,,,,,,
2026-08-07,btc_orb_v1,no_trade,no_qualified_breakout_before_cutoff_after_volume_vwap_filters,,,,,,,,,,,,
2026-08-08,btc_orb_v1,no_trade,no_qualified_breakout_before_cutoff_after_volume_vwap_filters,,,,,,,,,,,,
2026-08-09,btc_orb_v1,trade,fresh_breakout+volume+vwap_pass,10:15,10:20,11:15,91401000.0,91327000.0,91416000.0,91373399.25802182,1.7797678028828279,91416000.0,91203000.0,time_exit,-0.37300078760829514
2026-08-10,btc_orb_v1,trade,fresh_breakout+volume+vwap_pass,09:05,09:10,10:05,91150000.0,91100000.0,91299000.0,91202938.22251754,2.1707094574142154,91299000.0,91464000.0,time_exit,0.04072487102815947
2026-08-11,btc_orb_v1,no_trade,no_qualified_breakout_before_cutoff_after_volume_vwap_filters,,,,,,,,,,,,
2026-08-12,btc_orb_v1,no_trade,no_qualified_breakout_before_cutoff_after_volume_vwap_filters,,,,,,,,,,,,
2026-08-13,btc_orb_v1,trade,fresh_breakout+volume+vwap_pass,09:05,09:10,10:05,89648000.0,89547000.0,89672000.0,89608515.35185216,1.689370918670222,89672000.0,89520000.0,time_exit,-0.30950664644481696
2026-08-14,btc_orb_v1,trade,fresh_breakout+volume+vwap_pass,09:10,09:15,10:10,89600000.0,89553000.0,89731000.0,89618259.6732333,3.077269081075921,89731000.0,89665000.0,time_exit,-0.21355317560263642
2026-08-15,btc_orb_v1,no_trade,no_qualified_breakout_before_cutoff_after_volume_vwap_filters,,,,,,,,,,,,
2026-08-16,btc_orb_v1,no_trade,no_qualified_breakout_before_cutoff_after_volume_vwap_filters,,,,,,,,,,,,
2026-08-17,btc_orb_v1,trade,fresh_breakout+volume+vwap_pass,10:30,10:35,11:30,89253000.0,89120000.0,89396000.0,89162935.38244097,1.3291663255849209,89396000.0,89491000.0,time_exit,-0.03373126314375907
2026-08-18,btc_orb_v1,no_trade,no_qualified_breakout_before_cutoff_after_volume_vwap_filters,,,,,,,,,,,,
2026-08-19,btc_orb_v1,no_trade,no_qualified_breakout_before_cutoff_after_volume_vwap_filters,,,,,,,,,,,,
2026-08-20,btc_orb_v1,trade,fresh_breakout+volume+vwap_pass,09:05,09:10,10:05,95585000.0,95321000.0,95760000.0,95610336.52524313,1.2831013673993696,95756000.0,95600000.0,time_exit,-0.30291407326956
2026-08-21,btc_orb_v1,trade,fresh_breakout+volume+vwap_pass,09:05,09:10,10:05,100729000.0,100590000.0,100837000.0,100729885.17919487,1.2656297454338359,100822000.0,101699000.0,time_exit,0.7298498343615579
2026-08-22,btc_orb_v1,no_trade,no_qualified_breakout_before_cutoff_after_volume_vwap_filters,,,,,,,,,,,,
2026-08-23,btc_orb_v1,trade,fresh_breakout+volume+vwap_pass,09:05,09:10,10:05,105770000.0,105465000.0,105915000.0,105805044.66675757,2.163666313274433,105897000.0,106198000.0,time_exit,0.14423845812439728
2026-08-24,btc_orb_v1,no_trade,no_qualified_breakout_before_cutoff_after_volume_vwap_filters,,,,,,,,,,,,
2026-08-25,btc_orb_v1,trade,fresh_breakout+volume+vwap_pass,09:40,09:45,10:40,108680000.0,108570000.0,109120000.0,108551979.73529541,3.1502855645416474,109120000.0,109840000.0,time_exit,0.5198240469208205
2026-08-26,btc_orb_v1,no_trade,no_qualified_breakout_before_cutoff_after_volume_vwap_filters,,,,,,,,,,,,
2026-08-27,btc_orb_v1,no_trade,no_qualified_breakout_before_cutoff_after_volume_vwap_filters,,,,,,,,,,,,
2026-08-28,btc_orb_v1,trade,fresh_breakout+volume+vwap_pass,09:15,09:20,10:15,111044000.0,110927000.0,111060000.0,110975710.13091604,3.2314512495383894,111060000.0,111990000.0,time_exit,0.6973851971906987
2026-08-29,btc_orb_v1,no_trade,no_qualified_breakout_before_cutoff_after_volume_vwap_filters,,,,,,,,,,,,
2026-08-30,btc_orb_v1,trade,fresh_breakout+volume+vwap_pass,09:15,09:20,10:15,108780000.0,108746000.0,108838000.0,108779863.16616221,2.127147331150236,108838000.0,108400000.0,time_exit,-0.5424329737775445
2026-08-31,btc_orb_v1,no_trade,no_qualified_breakout_before_cutoff_after_volume_vwap_filters,,,,,,,,,,,,
2026-09-01,btc_orb_v1,no_trade,no_qualified_breakout_before_cutoff_after_volume_vwap_filters,,,,,,,,,,,,
2026-09-02,btc_orb_v1,no_trade,no_qualified_breakout_before_cutoff_after_volume_vwap_filters,,,,,,,,,,,,
2026-09-03,btc_orb_v1,no_trade,no_qualified_breakout_before_cutoff_after_volume_vwap_filters,,,,,,,,,,,,
2026-09-04,btc_orb_v1,no_trade,no_qualified_breakout_before_cutoff_after_volume_vwap_filters,,,,,,,,,,,,
2026-09-05,btc_orb_v1,no_trade,no_qualified_breakout_before_cutoff_after_volume_vwap_filters,,,,,,,,,,,,
2026-09-06,btc_orb_v1,no_trade,no_qualified_breakout_before_cutoff_after_volume_vwap_filters,,,,,,,,,,,,
2026-09-07,btc_orb_v1,no_trade,no_qualified_breakout_before_cutoff_after_volume_vwap_filters,,,,,,,,,,,,
2026-09-08,btc_orb_v1,no_trade,no_qualified_breakout_before_cutoff_after_volume_vwap_filters,,,,,,,,,,,,
2026-09-09,btc_orb_v1,trade,fresh_breakout+volume+vwap_pass,09:10,09:15,10:10,106442000.0,106310000.0,106637000.0,106477423.81649028,1.488575826753039,106637000.0,106850000.0,time_exit,0.05974305353676057
2026-09-10,btc_orb_v1,no_trade,no_qualified_breakout_before_cutoff_after_volume_vwap_filters,,,,,,,,,,,,
2026-09-11,btc_orb_v1,no_trade,no_qualified_breakout_before_cutoff_after_volume_vwap_filters,,,,,,,,,,,,
2026-09-12,btc_orb_v1,no_trade,no_qualified_breakout_before_cutoff_after_volume_vwap_filters,,,,,,,,,,,,
2026-09-13,btc_orb_v1,trade,fresh_breakout+volume+vwap_pass,12:00,12:05,13:00,105151000.0,105082000.0,105228000.0,105175492.47018258,1.8163468338658137,105189000.0,105109000.0,time_exit,-0.2160535797469264
2026-09-14,btc_orb_v1,no_trade,no_qualified_breakout_before_cutoff_after_volume_vwap_filters,,,,,,,,,,,,
2026-09-15,btc_orb_v1,no_trade,no_qualified_breakout_before_cutoff_after_volume_vwap_filters,,,,,,,,,,,,
2026-09-16,btc_orb_v1,no_trade,no_qualified_breakout_before_cutoff_after_volume_vwap_filters,,,,,,,,,,,,
2026-09-17,btc_orb_v1,trade,fresh_breakout+volume+vwap_pass,09:05,09:10,10:05,104998000.0,104828000.0,105016000.0,104963176.58475955,1.5429567963573254,105016000.0,104949000.0,time_exit,-0.2037998019349384
2026-09-18,btc_orb_v1,trade,fresh_breakout+volume+vwap_pass,09:50,09:55,10:50,105438000.0,105350000.0,105459000.0,105329345.96718967,1.2218796849650926,105459000.0,105748000.0,time_exit,0.13404014830407773
2026-09-19,btc_orb_v1,no_trade,no_qualified_breakout_before_cutoff_after_volume_vwap_filters,,,,,,,,,,,,
2026-09-20,btc_orb_v1,no_trade,no_qualified_breakout_before_cutoff_after_volume_vwap_filters,,,,,,,,,,,,
2026-09-21,btc_orb_v1,no_trade,no_qualified_breakout_before_cutoff_after_volume_vwap_filters,,,,,,,,,,,,
2026-09-22,btc_orb_v1,no_trade,no_qualified_breakout_before_cutoff_after_volume_vwap_filters,,,,,,,,,,,,
2026-09-23,btc_orb_v1,no_trade,no_qualified_breakout_before_cutoff_after_volume_vwap_filters,,,,,,,,,,,,
2026-09-24,btc_orb_v1,trade,fresh_breakout+volume+vwap_pass,09:30,09:35,10:30,115909000.0,115842000.0,115938000.0,115879924.66765042,1.2556683997926095,115927000.0,115956000.0,time_exit,-0.11498425733435391
2026-09-25,btc_orb_v1,trade,fresh_breakout+volume+vwap_pass,09:05,09:10,10:05,115181000.0,115040000.0,115379000.0,115247777.79720865,1.771627136152652,115379000.0,115499000.0,time_exit,-0.035994938420340516
2026-09-26,btc_orb_v1,no_trade,no_qualified_breakout_before_cutoff_after_volume_vwap_filters,,,,,,,,,,,,
2026-09-27,btc_orb_v1,no_trade,no_qualified_breakout_before_cutoff_after_volume_vwap_filters,,,,,,,,,,,,
2026-09-28,btc_orb_v1,no_trade,no_qualified_breakout_before_cutoff_after_volume_vwap_filters,,,,,,,,,,,,
2026-09-29,btc_orb_v1,no_trade,no_qualified_breakout_before_cutoff_after_volume_vwap_filters,,,,,,,,,,,,
2026-09-30,btc_orb_v1,no_trade,no_qualified_breakout_before_cutoff_after_volume_vwap_filters,,,,,,,,,,,,
