date,strategy,variant,strategyVersion,signalSchemaVersion,signalTimeKst,entryTimeKst,exitTimeKst,trailing24hChangePct,entryPrice,exitPrice,reason,decisionReason,grossPnlPct,frictionPct,pnlPct,sample,fwd5mPct,fwd10mPct,fwd20mPct,fwd30mPct,mfePct,maePct,hitPlus1,hitPlus1Time,hitPlus1Min,hitPlus2,hitPlus2Time,hitPlus2Min,hitMinus1,hitMinus1Time,hitMinus1Min,hitMinus2,hitMinus2Time,hitMinus2Min
2025-10-11,crypto,dip24,btc_dip24_v1,1,2025-10-11 11:00,2025-10-11 11:00,2025-10-12 11:00,-5.994315783549542,167001000.0,168928000.0,time_24h,trailing_24h_change<=-5%,1.153885306076008,0.14,1.0138853060760078,design,1.5347213489739664,1.6185531823162735,2.0760354728414754,2.334716558583483,4.1532685433021355,-0.002993994047939541,True,2025-10-11 11:05,5,True,2025-10-11 11:15,15,False,,,False,,
2025-11-05,crypto,dip24,btc_dip24_v1,1,2025-11-05 03:00,2025-11-05 03:00,2025-11-06 03:00,-5.991964274607852,151148000.0,155221000.0,time_24h,trailing_24h_change<=-5%,2.6947098208378595,0.14,2.5547098208378594,design,-0.23354592849392786,0.06483711329292596,-0.49620239764998075,-0.23023791250958991,2.8627570328419782,-2.9567046867970515,True,2025-11-05 07:40,280,True,2025-11-05 22:55,1195,True,2025-11-05 05:20,140,True,2025-11-05 06:35,215
2025-11-14,crypto,dip24,btc_dip24_v1,1,2025-11-14 21:00,2025-11-14 21:00,2025-11-15 21:00,-5.339749008388061,145578000.0,144393000.0,time_24h,trailing_24h_change<=-5%,-0.8139966203684623,0.14,-0.9539966203684623,design,-0.2424816936624996,-0.3832996744013495,-0.5632719229553884,-0.5783840964980969,1.3257497698828224,-1.8052178213741055,True,2025-11-15 00:50,230,False,,,True,2025-11-14 21:40,40,False,,
2025-11-18,crypto,dip24,btc_dip24_v1,1,2025-11-18 13:00,2025-11-18 13:00,2025-11-19 13:00,-5.444834855938163,134550000.0,136397000.0,time_24h,trailing_24h_change<=-5%,1.3727238944630349,0.14,1.2327238944630348,design,-0.12188777406169082,-0.4622816796729823,-0.8591601635079882,-1.0464511334076554,3.4440728353771766,-1.7465626161278336,True,2025-11-18 23:35,635,True,2025-11-19 00:30,690,True,2025-11-18 13:25,25,False,,
2025-11-21,crypto,dip24,btc_dip24_v1,1,2025-11-21 11:00,2025-11-21 11:00,2025-11-22 11:00,-5.811370985827868,130196000.0,128498000.0,time_24h,trailing_24h_change<=-5%,-1.3041875326430974,0.14,-1.4441875326430975,design,-0.14977418661095143,-0.48619005192171993,-0.8425758087806101,-0.6490214753141377,0.0,-6.71372392393007,False,,,False,,,True,2025-11-21 11:20,20,True,2025-11-21 12:00,60
2025-12-01,crypto,dip24,btc_dip24_v1,1,2025-12-01 14:00,2025-12-01 14:00,2025-12-02 14:00,-5.724113600282232,128268000.0,129978000.0,time_24h,trailing_24h_change<=-5%,1.3331462250912196,0.14,1.1931462250912195,design,0.13799232856206434,-0.06158979636385897,0.024947765615745965,0.3212024823026738,2.0433779274643626,-1.9170798640346765,True,2025-12-01 15:50,110,True,2025-12-02 10:10,1210,True,2025-12-01 21:50,470,False,,
2026-01-30,crypto,dip24,btc_dip24_v1,1,2026-01-30 03:00,2026-01-30 03:00,2026-01-31 03:00,-5.506692160611859,123550000.0,122477000.0,time_24h,trailing_24h_change<=-5%,-0.8684743019020669,0.14,-1.008474301902067,design,0.29866450829623137,0.3634156212059869,0.13031161473087138,-0.22662889518413332,0.7883447996762438,-3.6017806556050136,False,,,False,,,True,2026-01-30 10:25,445,True,2026-01-30 10:45,465
2026-02-01,crypto,dip24,btc_dip24_v1,1,2026-02-01 04:00,2026-02-01 04:00,2026-02-02 04:00,-5.823267230799045,116636000.0,115072000.0,time_24h,trailing_24h_change<=-5%,-1.3409238999965711,0.14,-1.4809238999965713,design,-0.15861312116327575,0.20919784629103155,-0.1911931136184375,-0.42696937480709574,1.5981343667478276,-2.6072567646352796,True,2026-02-01 08:25,265,False,,,True,2026-02-01 04:40,40,True,2026-02-01 23:40,1180
2026-02-04,crypto,dip24,btc_dip24_v1,1,2026-02-04 04:00,2026-02-04 04:00,2026-02-05 04:00,-6.124327812432783,109111000.0,108600000.0,time_24h,trailing_24h_change<=-5%,-0.46833041581508805,0.14,-0.6083304158150881,design,0.02016295332276652,0.5544812163759794,2.3581490408849604,2.0969471455673627,4.288293572600388,-1.829329765101595,True,2026-02-04 04:15,15,True,2026-02-04 04:15,15,True,2026-02-05 02:15,1335,False,,
2026-02-05,crypto,dip24,btc_dip24_v1,1,2026-02-05 11:00,2026-02-05 11:00,2026-02-06 11:00,-5.50672296430057,106750000.0,97741000.0,time_24h,trailing_24h_change<=-5%,-8.439344262295078,0.14,-8.579344262295079,design,-0.34285714285714475,-0.2613583138173281,-0.33348946135831614,-0.23512880562061023,0.4430913348946186,-16.627634660421542,False,,,False,,,True,2026-02-05 12:00,60,True,2026-02-05 13:10,130
2026-02-06,crypto,dip24,btc_dip24_v1,1,2026-02-06 11:00,2026-02-06 11:00,2026-02-07 11:00,-8.439344262295078,97741000.0,104447000.0,time_24h,trailing_24h_change<=-5%,6.860989758647862,0.14,6.720989758647862,design,-0.07571029557709164,-0.9422862463040027,-1.6492567090576116,-2.046224204786118,9.269395647681122,-3.043758504619354,True,2026-02-06 14:55,235,True,2026-02-06 22:25,685,True,2026-02-06 11:15,15,True,2026-02-06 11:25,25
2026-02-12,crypto,dip24,btc_dip24_v1,1,2026-02-12 03:00,2026-02-12 03:00,2026-02-13 03:00,-5.007682569747107,98296000.0,96306000.0,time_24h,trailing_24h_change<=-5%,-2.0244974363148094,0.14,-2.1644974363148095,design,-0.19939773744608313,-0.35810205908684,0.35199804671603996,0.5910718645723012,2.645072027345985,-2.0306014486855983,True,2026-02-12 03:55,55,True,2026-02-12 06:25,205,True,2026-02-13 01:30,1350,True,2026-02-13 03:00,1440
2026-02-28,crypto,dip24,btc_dip24_v1,1,2026-02-28 16:00,2026-02-28 16:00,2026-03-01 16:00,-5.054808095048369,92939000.0,97124000.0,time_24h,trailing_24h_change<=-5%,4.502953550178068,0.14,4.3629535501780685,design,0.5498230021842243,0.6466607129407498,0.7531821947729167,0.2614618190426077,6.526861704989284,-0.30557677616500634,True,2026-02-28 16:40,40,True,2026-02-28 22:50,410,False,,,False,,
2026-03-07,crypto,dip24,btc_dip24_v1,1,2026-03-07 00:00,2026-03-07 00:00,2026-03-08 00:00,-5.070544252193354,101124000.0,100500000.0,time_24h,trailing_24h_change<=-5%,-0.6170641984098779,0.14,-0.7570641984098779,design,0.13251058106877878,-0.1463549701356759,0.4707092282741909,0.5686088366757547,0.8652743166805088,-1.5683715042917656,False,,,False,,,True,2026-03-07 13:05,785,False,,
2026-06-02,crypto,dip24,btc_dip24_v1,1,2026-06-02 12:00,2026-06-02 12:00,2026-06-03 12:00,-5.188001767695372,102972000.0,98762000.0,time_24h,trailing_24h_change<=-5%,-4.0884900749718405,0.14,-4.22849007497184,design,0.21462145049140346,0.39719535407682915,0.40982014528221367,0.4632327234588063,0.761372023462692,-4.721671910810709,False,,,False,,,True,2026-06-02 18:15,375,True,2026-06-02 22:00,600
2026-06-03,crypto,dip24,btc_dip24_v1,1,2026-06-03 13:00,2026-06-03 13:00,2026-06-04 13:00,-5.819379897390309,97476000.0,95865000.0,time_24h,trailing_24h_change<=-5%,-1.6527145143419908,0.14,-1.792714514341991,design,0.9253559850629811,0.7724978456235432,0.8186630555213625,1.1305346957199758,2.6642455578809177,-6.1071443227050715,True,2026-06-03 13:10,10,True,2026-06-03 14:55,115,True,2026-06-04 06:00,1020,True,2026-06-04 08:20,1160
2026-06-04,crypto,dip24,btc_dip24_v1,1,2026-06-04 19:00,2026-06-04 19:00,2026-06-05 19:00,-5.03292852395626,94326000.0,94330000.0,time_24h,trailing_24h_change<=-5%,0.004240612344430517,0.14,-0.1357593876555695,design,-0.24489536289039604,-0.4760087356614262,-0.3689332739647555,-1.0887772194304812,2.1044038759196804,-1.9358395352288893,True,2026-06-04 21:40,160,True,2026-06-04 23:15,255,True,2026-06-04 19:30,30,False,,
