date,strategyVersion,evaluatedHours,skippedHours,min24hChangePct,signals,action,decisionReason
2025-09-30,btc_dip24_v1,0,24,,0,no_signal,insufficient_contiguous_hours
2025-10-01,btc_dip24_v1,23,1,-0.18668786159220518,0,no_signal,no_24h_drop_below_-5%
2025-10-02,btc_dip24_v1,24,0,1.6798711133369837,0,no_signal,no_24h_drop_below_-5%
2025-10-03,btc_dip24_v1,24,0,0.5605035031468919,0,no_signal,no_24h_drop_below_-5%
2025-10-04,btc_dip24_v1,24,0,1.494496915788912,0,no_signal,no_24h_drop_below_-5%
2025-10-05,btc_dip24_v1,24,0,0.34277498202732737,0,no_signal,no_24h_drop_below_-5%
2025-10-06,btc_dip24_v1,24,0,-0.5117845117845077,0,no_signal,no_24h_drop_below_-5%
2025-10-07,btc_dip24_v1,24,0,-0.1831501831501825,0,no_signal,no_24h_drop_below_-5%
2025-10-08,btc_dip24_v1,24,0,-2.0511786999871218,0,no_signal,no_24h_drop_below_-5%
2025-10-09,btc_dip24_v1,24,0,-0.34905586019750023,0,no_signal,no_24h_drop_below_-5%
2025-10-10,btc_dip24_v1,24,0,-1.5688782603859641,0,no_signal,no_24h_drop_below_-5%
2025-10-11,btc_dip24_v1,12,0,-5.994315783549542,1,signal,
2025-10-12,btc_dip24_v1,13,0,-2.188843695525855,0,no_signal,no_24h_drop_below_-5%
2025-10-13,btc_dip24_v1,24,0,0.3783109528634032,0,no_signal,no_24h_drop_below_-5%
2025-10-14,btc_dip24_v1,24,0,-2.491257742326236,0,no_signal,no_24h_drop_below_-5%
2025-10-15,btc_dip24_v1,24,0,-1.4640208598291515,0,no_signal,no_24h_drop_below_-5%
2025-10-16,btc_dip24_v1,24,0,-1.4037613079146638,0,no_signal,no_24h_drop_below_-5%
2025-10-17,btc_dip24_v1,24,0,-4.780503970931127,0,no_signal,no_24h_drop_below_-5%
2025-10-18,btc_dip24_v1,24,0,-3.5543257217487745,0,no_signal,no_24h_drop_below_-5%
2025-10-19,btc_dip24_v1,24,0,-1.0182165782356978,0,no_signal,no_24h_drop_below_-5%
2025-10-20,btc_dip24_v1,24,0,0.31070526425238665,0,no_signal,no_24h_drop_below_-5%
2025-10-21,btc_dip24_v1,24,0,-2.8807373537008463,0,no_signal,no_24h_drop_below_-5%
2025-10-22,btc_dip24_v1,24,0,-1.522760115606936,0,no_signal,no_24h_drop_below_-5%
2025-10-23,btc_dip24_v1,24,0,-3.00713073810851,0,no_signal,no_24h_drop_below_-5%
2025-10-24,btc_dip24_v1,24,0,0.35724501408895826,0,no_signal,no_24h_drop_below_-5%
2025-10-27,btc_dip24_v1,0,24,,0,no_signal,insufficient_contiguous_hours
2025-10-28,btc_dip24_v1,23,1,-1.3986259113853095,0,no_signal,no_24h_drop_below_-5%
2025-10-29,btc_dip24_v1,24,0,-1.7048794826572622,0,no_signal,no_24h_drop_below_-5%
2025-10-30,btc_dip24_v1,24,0,-2.8372511300764125,0,no_signal,no_24h_drop_below_-5%
2025-10-31,btc_dip24_v1,24,0,-2.071368496936199,0,no_signal,no_24h_drop_below_-5%
2025-11-01,btc_dip24_v1,24,0,-0.7778256045881449,0,no_signal,no_24h_drop_below_-5%
2025-11-02,btc_dip24_v1,24,0,-0.9105355060511022,0,no_signal,no_24h_drop_below_-5%
2025-11-03,btc_dip24_v1,24,0,-2.923721099581289,0,no_signal,no_24h_drop_below_-5%
2025-11-04,btc_dip24_v1,24,0,-4.305444243565127,0,no_signal,no_24h_drop_below_-5%
2025-11-05,btc_dip24_v1,4,0,-5.991964274607852,1,signal,
2025-11-06,btc_dip24_v1,21,0,0.2888578754340898,0,no_signal,no_24h_drop_below_-5%
2025-11-07,btc_dip24_v1,24,0,-2.9530536895543857,0,no_signal,no_24h_drop_below_-5%
2025-11-08,btc_dip24_v1,24,0,-1.2906050487162535,0,no_signal,no_24h_drop_below_-5%
2025-11-09,btc_dip24_v1,24,0,-1.6640934372961103,0,no_signal,no_24h_drop_below_-5%
2025-11-10,btc_dip24_v1,24,0,0.800452887818115,0,no_signal,no_24h_drop_below_-5%
2025-11-11,btc_dip24_v1,24,0,-1.2906091370558426,0,no_signal,no_24h_drop_below_-5%
2025-11-12,btc_dip24_v1,24,0,-2.5628883164115823,0,no_signal,no_24h_drop_below_-5%
2025-11-13,btc_dip24_v1,24,0,-2.519496100779839,0,no_signal,no_24h_drop_below_-5%
2025-11-14,btc_dip24_v1,22,0,-5.339749008388061,1,signal,
2025-11-15,btc_dip24_v1,3,0,-0.8139966203684623,0,no_signal,no_24h_drop_below_-5%
2025-11-16,btc_dip24_v1,24,0,-1.3581980642407676,0,no_signal,no_24h_drop_below_-5%
2025-11-17,btc_dip24_v1,24,0,-3.0569019874723935,0,no_signal,no_24h_drop_below_-5%
2025-11-18,btc_dip24_v1,14,0,-5.444834855938163,1,signal,
2025-11-19,btc_dip24_v1,11,0,0.3895825478846371,0,no_signal,no_24h_drop_below_-5%
2025-11-20,btc_dip24_v1,24,0,-3.921086150995834,0,no_signal,no_24h_drop_below_-5%
2025-11-21,btc_dip24_v1,12,0,-5.811370985827868,1,signal,
2025-11-22,btc_dip24_v1,13,0,-1.3633816846168267,0,no_signal,no_24h_drop_below_-5%
2025-11-23,btc_dip24_v1,24,0,-1.1192779254386331,0,no_signal,no_24h_drop_below_-5%
2025-11-24,btc_dip24_v1,24,0,-0.9652465600255566,0,no_signal,no_24h_drop_below_-5%
2025-11-25,btc_dip24_v1,24,0,-1.0564316929507878,0,no_signal,no_24h_drop_below_-5%
2025-11-26,btc_dip24_v1,24,0,-2.181106084138029,0,no_signal,no_24h_drop_below_-5%
2025-11-27,btc_dip24_v1,24,0,-0.15337423312883347,0,no_signal,no_24h_drop_below_-5%
2025-11-28,btc_dip24_v1,24,0,-0.44788748832866876,0,no_signal,no_24h_drop_below_-5%
2025-11-29,btc_dip24_v1,24,0,-2.1141390688011685,0,no_signal,no_24h_drop_below_-5%
2025-11-30,btc_dip24_v1,24,0,-2.080961507976542,0,no_signal,no_24h_drop_below_-5%
2025-12-01,btc_dip24_v1,15,0,-5.724113600282232,1,signal,
2025-12-02,btc_dip24_v1,10,0,-0.8979992484720256,0,no_signal,no_24h_drop_below_-5%
2025-12-03,btc_dip24_v1,24,0,3.5443941180120397,0,no_signal,no_24h_drop_below_-5%
2025-12-04,btc_dip24_v1,24,0,-0.729853670439129,0,no_signal,no_24h_drop_below_-5%
2025-12-05,btc_dip24_v1,24,0,-2.2441361154866946,0,no_signal,no_24h_drop_below_-5%
2025-12-06,btc_dip24_v1,24,0,-3.305028728326642,0,no_signal,no_24h_drop_below_-5%
2025-12-07,btc_dip24_v1,24,0,-0.7629073274587506,0,no_signal,no_24h_drop_below_-5%
2025-12-08,btc_dip24_v1,24,0,-1.907943578322202,0,no_signal,no_24h_drop_below_-5%
2025-12-09,btc_dip24_v1,24,0,-2.0947601820515804,0,no_signal,no_24h_drop_below_-5%
2025-12-10,btc_dip24_v1,24,0,-0.7282933855301543,0,no_signal,no_24h_drop_below_-5%
2025-12-11,btc_dip24_v1,24,0,-2.4058494025232413,0,no_signal,no_24h_drop_below_-5%
2025-12-12,btc_dip24_v1,24,0,-2.271916866181045,0,no_signal,no_24h_drop_below_-5%
2025-12-13,btc_dip24_v1,24,0,-2.063023928171903,0,no_signal,no_24h_drop_below_-5%
2025-12-14,btc_dip24_v1,24,0,-2.32025644939704,0,no_signal,no_24h_drop_below_-5%
2025-12-15,btc_dip24_v1,24,0,-2.1806090564301273,0,no_signal,no_24h_drop_below_-5%
2025-12-16,btc_dip24_v1,24,0,-4.366975775643811,0,no_signal,no_24h_drop_below_-5%
2025-12-17,btc_dip24_v1,24,0,-1.097411449329444,0,no_signal,no_24h_drop_below_-5%
2025-12-18,btc_dip24_v1,24,0,-1.8368221980613497,0,no_signal,no_24h_drop_below_-5%
2025-12-19,btc_dip24_v1,24,0,-1.7988825947424458,0,no_signal,no_24h_drop_below_-5%
2025-12-20,btc_dip24_v1,24,0,-0.40616086708499255,0,no_signal,no_24h_drop_below_-5%
2025-12-21,btc_dip24_v1,24,0,-0.6656067671289123,0,no_signal,no_24h_drop_below_-5%
2025-12-22,btc_dip24_v1,24,0,-0.23293698521686945,0,no_signal,no_24h_drop_below_-5%
2025-12-23,btc_dip24_v1,24,0,-2.555936693131333,0,no_signal,no_24h_drop_below_-5%
2025-12-24,btc_dip24_v1,24,0,-3.2246268656716426,0,no_signal,no_24h_drop_below_-5%
2025-12-25,btc_dip24_v1,24,0,-1.8004283830445722,0,no_signal,no_24h_drop_below_-5%
2025-12-26,btc_dip24_v1,24,0,-0.7405916994915662,0,no_signal,no_24h_drop_below_-5%
2025-12-27,btc_dip24_v1,24,0,-1.6176923076923089,0,no_signal,no_24h_drop_below_-5%
2025-12-28,btc_dip24_v1,24,0,-0.2694557150311083,0,no_signal,no_24h_drop_below_-5%
2025-12-29,btc_dip24_v1,24,0,-0.8084465496656201,0,no_signal,no_24h_drop_below_-5%
2025-12-30,btc_dip24_v1,24,0,-2.7289880194511396,0,no_signal,no_24h_drop_below_-5%
2026-01-02,btc_dip24_v1,0,24,,0,no_signal,insufficient_contiguous_hours
2026-01-03,btc_dip24_v1,23,1,-0.049961568024592395,0,no_signal,no_24h_drop_below_-5%
2026-01-04,btc_dip24_v1,24,0,-0.22877342249630894,0,no_signal,no_24h_drop_below_-5%
2026-01-05,btc_dip24_v1,24,0,0.68394336094042,0,no_signal,no_24h_drop_below_-5%
2026-01-06,btc_dip24_v1,24,0,0.17277278164178345,0,no_signal,no_24h_drop_below_-5%
2026-01-07,btc_dip24_v1,24,0,-2.4579267223748036,0,no_signal,no_24h_drop_below_-5%
2026-01-08,btc_dip24_v1,24,0,-2.4651684898642,0,no_signal,no_24h_drop_below_-5%
2026-01-09,btc_dip24_v1,24,0,-1.7983114236445497,0,no_signal,no_24h_drop_below_-5%
2026-01-10,btc_dip24_v1,24,0,-0.11755104485657863,0,no_signal,no_24h_drop_below_-5%
2026-01-11,btc_dip24_v1,24,0,-0.5614254547620656,0,no_signal,no_24h_drop_below_-5%
2026-01-12,btc_dip24_v1,24,0,-0.09213759213758665,0,no_signal,no_24h_drop_below_-5%
2026-01-13,btc_dip24_v1,24,0,-0.7846839139797668,0,no_signal,no_24h_drop_below_-5%
2026-01-14,btc_dip24_v1,24,0,1.3965201465201416,0,no_signal,no_24h_drop_below_-5%
2026-01-15,btc_dip24_v1,24,0,0.3174535386104571,0,no_signal,no_24h_drop_below_-5%
2026-01-16,btc_dip24_v1,24,0,-1.7634179951175444,0,no_signal,no_24h_drop_below_-5%
2026-01-17,btc_dip24_v1,24,0,-1.5839456049899558,0,no_signal,no_24h_drop_below_-5%
2026-01-18,btc_dip24_v1,24,0,-0.47784812370169627,0,no_signal,no_24h_drop_below_-5%
2026-01-19,btc_dip24_v1,24,0,-2.4617460148400605,0,no_signal,no_24h_drop_below_-5%
2026-01-20,btc_dip24_v1,24,0,-2.7324765858565803,0,no_signal,no_24h_drop_below_-5%
2026-01-21,btc_dip24_v1,24,0,-3.9833353969860985,0,no_signal,no_24h_drop_below_-5%
2026-01-22,btc_dip24_v1,24,0,-2.9128527486277367,0,no_signal,no_24h_drop_below_-5%
2026-01-23,btc_dip24_v1,24,0,-1.1737247245225402,0,no_signal,no_24h_drop_below_-5%
2026-01-24,btc_dip24_v1,24,0,-0.9693513898788364,0,no_signal,no_24h_drop_below_-5%
2026-01-25,btc_dip24_v1,24,0,-1.435120740785567,0,no_signal,no_24h_drop_below_-5%
2026-01-26,btc_dip24_v1,24,0,-2.6503830691041452,0,no_signal,no_24h_drop_below_-5%
2026-01-27,btc_dip24_v1,24,0,-1.729788504831764,0,no_signal,no_24h_drop_below_-5%
2026-01-28,btc_dip24_v1,24,0,-0.7238156970777343,0,no_signal,no_24h_drop_below_-5%
2026-01-29,btc_dip24_v1,24,0,-2.1543627762912743,0,no_signal,no_24h_drop_below_-5%
2026-01-30,btc_dip24_v1,4,0,-5.506692160611859,1,signal,
2026-01-31,btc_dip24_v1,21,0,-0.8684743019020669,0,no_signal,no_24h_drop_below_-5%
2026-02-01,btc_dip24_v1,5,0,-5.823267230799045,1,signal,
2026-02-02,btc_dip24_v1,20,0,-4.26850580983964,0,no_signal,no_24h_drop_below_-5%
2026-02-03,btc_dip24_v1,24,0,-0.4660177448531311,0,no_signal,no_24h_drop_below_-5%
2026-02-04,btc_dip24_v1,5,0,-6.124327812432783,1,signal,
2026-02-05,btc_dip24_v1,8,0,-5.50672296430057,1,signal,
2026-02-06,btc_dip24_v1,1,0,-8.439344262295078,1,signal,
2026-02-07,btc_dip24_v1,13,0,1.724137931034475,0,no_signal,no_24h_drop_below_-5%
2026-02-08,btc_dip24_v1,24,0,-3.397039588214812,0,no_signal,no_24h_drop_below_-5%
2026-02-09,btc_dip24_v1,24,0,-4.392133268153275,0,no_signal,no_24h_drop_below_-5%
2026-02-10,btc_dip24_v1,24,0,-2.9397585805975956,0,no_signal,no_24h_drop_below_-5%
2026-02-11,btc_dip24_v1,24,0,-4.019766783209954,0,no_signal,no_24h_drop_below_-5%
2026-02-12,btc_dip24_v1,4,0,-5.007682569747107,1,signal,
2026-02-13,btc_dip24_v1,21,0,-3.322932447753113,0,no_signal,no_24h_drop_below_-5%
2026-02-14,btc_dip24_v1,24,0,0.40287159603793476,0,no_signal,no_24h_drop_below_-5%
2026-02-15,btc_dip24_v1,24,0,-0.6503510140405622,0,no_signal,no_24h_drop_below_-5%
2026-02-16,btc_dip24_v1,24,0,-2.907749218578237,0,no_signal,no_24h_drop_below_-5%
2026-02-17,btc_dip24_v1,24,0,-2.503727513893461,0,no_signal,no_24h_drop_below_-5%
2026-02-18,btc_dip24_v1,24,0,-2.274063909037438,0,no_signal,no_24h_drop_below_-5%
2026-02-19,btc_dip24_v1,24,0,-2.1490690714816574,0,no_signal,no_24h_drop_below_-5%
2026-02-20,btc_dip24_v1,24,0,-1.847461865466371,0,no_signal,no_24h_drop_below_-5%
2026-02-21,btc_dip24_v1,24,0,-0.2817490342877593,0,no_signal,no_24h_drop_below_-5%
2026-02-22,btc_dip24_v1,24,0,-0.8158217559117165,0,no_signal,no_24h_drop_below_-5%
2026-02-23,btc_dip24_v1,24,0,-4.825314434018768,0,no_signal,no_24h_drop_below_-5%
2026-02-24,btc_dip24_v1,24,0,-4.880982982880056,0,no_signal,no_24h_drop_below_-5%
2026-02-25,btc_dip24_v1,24,0,-3.6894911046752132,0,no_signal,no_24h_drop_below_-5%
2026-02-26,btc_dip24_v1,24,0,1.831517052950904,0,no_signal,no_24h_drop_below_-5%
2026-02-27,btc_dip24_v1,24,0,-2.387945985503903,0,no_signal,no_24h_drop_below_-5%
2026-02-28,btc_dip24_v1,17,0,-5.054808095048369,1,signal,
2026-03-01,btc_dip24_v1,8,0,1.8959135094323898,0,no_signal,no_24h_drop_below_-5%
2026-03-02,btc_dip24_v1,24,0,-2.573003879926483,0,no_signal,no_24h_drop_below_-5%
2026-03-03,btc_dip24_v1,24,0,1.0312683878560103,0,no_signal,no_24h_drop_below_-5%
2026-03-04,btc_dip24_v1,24,0,-1.1826375383764853,0,no_signal,no_24h_drop_below_-5%
2026-03-05,btc_dip24_v1,24,0,1.4627927262967244,0,no_signal,no_24h_drop_below_-5%
2026-03-06,btc_dip24_v1,24,0,-4.038836047529005,0,no_signal,no_24h_drop_below_-5%
2026-03-07,btc_dip24_v1,1,0,-5.070544252193354,1,signal,
2026-03-08,btc_dip24_v1,24,0,-1.8268704266016234,0,no_signal,no_24h_drop_below_-5%
2026-03-09,btc_dip24_v1,24,0,-1.5495296070835662,0,no_signal,no_24h_drop_below_-5%
2026-03-10,btc_dip24_v1,24,0,0.6933789684881342,0,no_signal,no_24h_drop_below_-5%
2026-03-11,btc_dip24_v1,24,0,-1.9891257277582675,0,no_signal,no_24h_drop_below_-5%
2026-03-12,btc_dip24_v1,24,0,-0.9052208758156155,0,no_signal,no_24h_drop_below_-5%
2026-03-13,btc_dip24_v1,24,0,-0.8126375810940556,0,no_signal,no_24h_drop_below_-5%
2026-03-14,btc_dip24_v1,24,0,-2.4168227259598773,0,no_signal,no_24h_drop_below_-5%
2026-03-15,btc_dip24_v1,24,0,-1.52615593578449,0,no_signal,no_24h_drop_below_-5%
2026-03-16,btc_dip24_v1,24,0,0.6486734723165632,0,no_signal,no_24h_drop_below_-5%
2026-03-17,btc_dip24_v1,24,0,-0.22394361026469856,0,no_signal,no_24h_drop_below_-5%
2026-03-18,btc_dip24_v1,24,0,-2.392596426722826,0,no_signal,no_24h_drop_below_-5%
2026-03-19,btc_dip24_v1,24,0,-4.84428432968198,0,no_signal,no_24h_drop_below_-5%
2026-03-20,btc_dip24_v1,24,0,-2.6866233643979998,0,no_signal,no_24h_drop_below_-5%
2026-03-21,btc_dip24_v1,24,0,-0.12747153135799216,0,no_signal,no_24h_drop_below_-5%
2026-03-22,btc_dip24_v1,24,0,-3.280595405842468,0,no_signal,no_24h_drop_below_-5%
2026-03-23,btc_dip24_v1,24,0,-3.0503526200045483,0,no_signal,no_24h_drop_below_-5%
2026-03-24,btc_dip24_v1,24,0,-1.5132681695764316,0,no_signal,no_24h_drop_below_-5%
2026-03-25,btc_dip24_v1,24,0,-1.8223148323546101,0,no_signal,no_24h_drop_below_-5%
2026-03-26,btc_dip24_v1,24,0,-2.4347565711291375,0,no_signal,no_24h_drop_below_-5%
2026-03-27,btc_dip24_v1,24,0,-4.094889257711898,0,no_signal,no_24h_drop_below_-5%
2026-03-28,btc_dip24_v1,24,0,-3.928687443869072,0,no_signal,no_24h_drop_below_-5%
2026-03-29,btc_dip24_v1,24,0,-0.2702862666956074,0,no_signal,no_24h_drop_below_-5%
2026-03-30,btc_dip24_v1,24,0,-0.9495420088439621,0,no_signal,no_24h_drop_below_-5%
2026-03-31,btc_dip24_v1,24,0,-1.0623201928310344,0,no_signal,no_24h_drop_below_-5%
2026-04-01,btc_dip24_v1,24,0,-1.0628150974247186,0,no_signal,no_24h_drop_below_-5%
2026-04-02,btc_dip24_v1,24,0,-2.5188282898685355,0,no_signal,no_24h_drop_below_-5%
2026-04-03,btc_dip24_v1,24,0,-2.336246013930765,0,no_signal,no_24h_drop_below_-5%
2026-04-04,btc_dip24_v1,24,0,-0.472049933265295,0,no_signal,no_24h_drop_below_-5%
2026-04-05,btc_dip24_v1,24,0,-0.3065892194218933,0,no_signal,no_24h_drop_below_-5%
2026-04-06,btc_dip24_v1,24,0,-0.2548020384163019,0,no_signal,no_24h_drop_below_-5%
2026-04-07,btc_dip24_v1,24,0,-1.8396595484818978,0,no_signal,no_24h_drop_below_-5%
2026-04-08,btc_dip24_v1,24,0,-2.103745296892612,0,no_signal,no_24h_drop_below_-5%
2026-04-09,btc_dip24_v1,24,0,-1.298773949932408,0,no_signal,no_24h_drop_below_-5%
2026-04-10,btc_dip24_v1,24,0,0.3252230636574982,0,no_signal,no_24h_drop_below_-5%
2026-04-11,btc_dip24_v1,24,0,0.5476584330987633,0,no_signal,no_24h_drop_below_-5%
2026-04-14,btc_dip24_v1,0,24,,0,no_signal,insufficient_contiguous_hours
2026-04-15,btc_dip24_v1,23,1,-1.0872695852534586,0,no_signal,no_24h_drop_below_-5%
2026-04-16,btc_dip24_v1,24,0,-1.662455831182963,0,no_signal,no_24h_drop_below_-5%
2026-04-17,btc_dip24_v1,24,0,-0.28203899731520377,0,no_signal,no_24h_drop_below_-5%
2026-04-18,btc_dip24_v1,24,0,-1.0441915200056218,0,no_signal,no_24h_drop_below_-5%
2026-04-19,btc_dip24_v1,24,0,-1.895265774914212,0,no_signal,no_24h_drop_below_-5%
2026-04-20,btc_dip24_v1,24,0,-2.0956618464961108,0,no_signal,no_24h_drop_below_-5%
2026-04-21,btc_dip24_v1,24,0,-1.4412465985339296,0,no_signal,no_24h_drop_below_-5%
2026-04-22,btc_dip24_v1,24,0,-0.8226148159310664,0,no_signal,no_24h_drop_below_-5%
2026-04-23,btc_dip24_v1,24,0,-1.036038354002644,0,no_signal,no_24h_drop_below_-5%
2026-04-24,btc_dip24_v1,24,0,-0.9485732875598174,0,no_signal,no_24h_drop_below_-5%
2026-04-25,btc_dip24_v1,24,0,-1.105493187076867,0,no_signal,no_24h_drop_below_-5%
2026-04-26,btc_dip24_v1,24,0,-0.5772627407056419,0,no_signal,no_24h_drop_below_-5%
2026-04-27,btc_dip24_v1,24,0,-0.5150998328940393,0,no_signal,no_24h_drop_below_-5%
2026-04-28,btc_dip24_v1,24,0,-2.473784882330843,0,no_signal,no_24h_drop_below_-5%
2026-04-29,btc_dip24_v1,24,0,-2.4522595696880645,0,no_signal,no_24h_drop_below_-5%
2026-04-30,btc_dip24_v1,24,0,-1.7999476759396504,0,no_signal,no_24h_drop_below_-5%
2026-05-01,btc_dip24_v1,24,0,-0.35933391761612254,0,no_signal,no_24h_drop_below_-5%
2026-05-02,btc_dip24_v1,24,0,-0.23509223509223798,0,no_signal,no_24h_drop_below_-5%
2026-05-03,btc_dip24_v1,24,0,-0.23032761524974799,0,no_signal,no_24h_drop_below_-5%
2026-05-04,btc_dip24_v1,24,0,0.024879676735789502,0,no_signal,no_24h_drop_below_-5%
2026-05-05,btc_dip24_v1,24,0,0.9791166829993481,0,no_signal,no_24h_drop_below_-5%
2026-05-06,btc_dip24_v1,24,0,-0.48709003255593686,0,no_signal,no_24h_drop_below_-5%
2026-05-07,btc_dip24_v1,24,0,-1.4789637305699488,0,no_signal,no_24h_drop_below_-5%
2026-05-08,btc_dip24_v1,24,0,-2.0000000000000018,0,no_signal,no_24h_drop_below_-5%
2026-05-09,btc_dip24_v1,24,0,-0.38406468457845566,0,no_signal,no_24h_drop_below_-5%
2026-05-10,btc_dip24_v1,24,0,0.05741933849543468,0,no_signal,no_24h_drop_below_-5%
2026-05-11,btc_dip24_v1,24,0,-0.4431774223388363,0,no_signal,no_24h_drop_below_-5%
2026-05-12,btc_dip24_v1,24,0,-0.2806539735786706,0,no_signal,no_24h_drop_below_-5%
2026-05-13,btc_dip24_v1,24,0,-0.8838277961326191,0,no_signal,no_24h_drop_below_-5%
2026-05-14,btc_dip24_v1,24,0,-2.3645754493358706,0,no_signal,no_24h_drop_below_-5%
2026-05-15,btc_dip24_v1,24,0,-0.7973753414000972,0,no_signal,no_24h_drop_below_-5%
2026-05-16,btc_dip24_v1,24,0,-2.7084204364913433,0,no_signal,no_24h_drop_below_-5%
2026-05-17,btc_dip24_v1,24,0,-1.4691520529913848,0,no_signal,no_24h_drop_below_-5%
2026-05-18,btc_dip24_v1,24,0,-2.7287017735707186,0,no_signal,no_24h_drop_below_-5%
2026-05-19,btc_dip24_v1,24,0,-2.5671846827509226,0,no_signal,no_24h_drop_below_-5%
2026-05-20,btc_dip24_v1,24,0,-0.4825783972125408,0,no_signal,no_24h_drop_below_-5%
2026-05-21,btc_dip24_v1,24,0,-0.5562235620799161,0,no_signal,no_24h_drop_below_-5%
2026-05-22,btc_dip24_v1,24,0,-0.6063699115962828,0,no_signal,no_24h_drop_below_-5%
2026-05-23,btc_dip24_v1,24,0,-3.0456412834335866,0,no_signal,no_24h_drop_below_-5%
2026-05-24,btc_dip24_v1,24,0,-1.6128751328096436,0,no_signal,no_24h_drop_below_-5%
2026-05-25,btc_dip24_v1,24,0,-0.6397702049875997,0,no_signal,no_24h_drop_below_-5%
2026-05-26,btc_dip24_v1,24,0,-1.7700950734658605,0,no_signal,no_24h_drop_below_-5%
2026-05-27,btc_dip24_v1,24,0,-3.08693329596903,0,no_signal,no_24h_drop_below_-5%
2026-05-28,btc_dip24_v1,24,0,-3.6707841031149324,0,no_signal,no_24h_drop_below_-5%
2026-05-29,btc_dip24_v1,24,0,-3.0225225225225194,0,no_signal,no_24h_drop_below_-5%
2026-05-30,btc_dip24_v1,24,0,-0.3437213565536168,0,no_signal,no_24h_drop_below_-5%
2026-05-31,btc_dip24_v1,24,0,-0.2799121844127339,0,no_signal,no_24h_drop_below_-5%
2026-06-01,btc_dip24_v1,24,0,-3.5619278257838394,0,no_signal,no_24h_drop_below_-5%
2026-06-02,btc_dip24_v1,13,0,-5.188001767695372,1,signal,
2026-06-03,btc_dip24_v1,2,0,-5.819379897390309,1,signal,
2026-06-04,btc_dip24_v1,7,0,-5.03292852395626,1,signal,
2026-06-05,btc_dip24_v1,5,0,-3.950403389936652,0,no_signal,no_24h_drop_below_-5%
2026-06-06,btc_dip24_v1,24,0,-4.733268264013512,0,no_signal,no_24h_drop_below_-5%
2026-06-07,btc_dip24_v1,24,0,-1.452903667565375,0,no_signal,no_24h_drop_below_-5%
2026-06-08,btc_dip24_v1,24,0,-0.7647723468362955,0,no_signal,no_24h_drop_below_-5%
2026-06-09,btc_dip24_v1,24,0,-2.3622047244094446,0,no_signal,no_24h_drop_below_-5%
2026-06-10,btc_dip24_v1,24,0,-3.493262918393125,0,no_signal,no_24h_drop_below_-5%
2026-06-11,btc_dip24_v1,24,0,-0.09613307409808147,0,no_signal,no_24h_drop_below_-5%
2026-06-12,btc_dip24_v1,24,0,0.2517019084739669,0,no_signal,no_24h_drop_below_-5%
2026-06-13,btc_dip24_v1,24,0,0.150363378163898,0,no_signal,no_24h_drop_below_-5%
2026-06-14,btc_dip24_v1,24,0,0.09948186528496716,0,no_signal,no_24h_drop_below_-5%
2026-06-15,btc_dip24_v1,24,0,-0.7874259211543388,0,no_signal,no_24h_drop_below_-5%
2026-06-16,btc_dip24_v1,24,0,-0.8019919800801967,0,no_signal,no_24h_drop_below_-5%
2026-06-17,btc_dip24_v1,24,0,-3.0529266740893957,0,no_signal,no_24h_drop_below_-5%
2026-06-18,btc_dip24_v1,24,0,-2.9787878787878808,0,no_signal,no_24h_drop_below_-5%
2026-06-19,btc_dip24_v1,24,0,-4.335370897133284,0,no_signal,no_24h_drop_below_-5%
2026-06-20,btc_dip24_v1,24,0,-0.8903555195815982,0,no_signal,no_24h_drop_below_-5%
2026-06-21,btc_dip24_v1,24,0,0.42821889969517635,0,no_signal,no_24h_drop_below_-5%
2026-06-22,btc_dip24_v1,24,0,-1.948792796867127,0,no_signal,no_24h_drop_below_-5%
2026-06-23,btc_dip24_v1,24,0,-4.3355650233313,0,no_signal,no_24h_drop_below_-5%
2026-06-24,btc_dip24_v1,24,0,-3.63812832039232,0,no_signal,no_24h_drop_below_-5%
2026-06-25,btc_dip24_v1,24,0,-3.8194519075765765,0,no_signal,no_24h_drop_below_-5%
2026-06-26,btc_dip24_v1,24,0,-3.607895791149174,0,no_signal,no_24h_drop_below_-5%
2026-06-27,btc_dip24_v1,24,0,-0.7564329594892949,0,no_signal,no_24h_drop_below_-5%
2026-06-28,btc_dip24_v1,24,0,-0.8196988994480958,0,no_signal,no_24h_drop_below_-5%
2026-06-29,btc_dip24_v1,24,0,-1.8966930855425002,0,no_signal,no_24h_drop_below_-5%
2026-06-30,btc_dip24_v1,24,0,-1.7432262892611128,0,no_signal,no_24h_drop_below_-5%
2026-07-01,btc_dip24_v1,24,0,-2.368740499338373,0,no_signal,no_24h_drop_below_-5%
2026-07-02,btc_dip24_v1,24,0,1.3658569379705998,0,no_signal,no_24h_drop_below_-5%
2026-07-03,btc_dip24_v1,24,0,0.23427471116816978,0,no_signal,no_24h_drop_below_-5%
2026-07-04,btc_dip24_v1,24,0,0.4186757361804627,0,no_signal,no_24h_drop_below_-5%
2026-07-07,btc_dip24_v1,0,24,,0,no_signal,insufficient_contiguous_hours
2026-07-08,btc_dip24_v1,23,1,-2.6012016878347533,0,no_signal,no_24h_drop_below_-5%
2026-07-09,btc_dip24_v1,24,0,-3.3578810828905015,0,no_signal,no_24h_drop_below_-5%
2026-07-10,btc_dip24_v1,24,0,0.7993544916621742,0,no_signal,no_24h_drop_below_-5%
2026-07-11,btc_dip24_v1,24,0,-0.42401575213310005,0,no_signal,no_24h_drop_below_-5%
2026-07-12,btc_dip24_v1,24,0,-0.5140099040932711,0,no_signal,no_24h_drop_below_-5%
2026-07-13,btc_dip24_v1,24,0,-3.0929562712752046,0,no_signal,no_24h_drop_below_-5%
2026-07-14,btc_dip24_v1,24,0,-3.562234454467439,0,no_signal,no_24h_drop_below_-5%
2026-07-15,btc_dip24_v1,24,0,1.5672836256995781,0,no_signal,no_24h_drop_below_-5%
2026-07-16,btc_dip24_v1,24,0,-2.0008545316228754,0,no_signal,no_24h_drop_below_-5%
2026-07-17,btc_dip24_v1,24,0,-2.6225649862357314,0,no_signal,no_24h_drop_below_-5%
2026-07-18,btc_dip24_v1,24,0,-1.4702933198231016,0,no_signal,no_24h_drop_below_-5%
2026-07-19,btc_dip24_v1,24,0,-0.05270481089514334,0,no_signal,no_24h_drop_below_-5%
2026-07-20,btc_dip24_v1,24,0,-1.5329532449260275,0,no_signal,no_24h_drop_below_-5%
2026-07-21,btc_dip24_v1,24,0,-0.5641867710833193,0,no_signal,no_24h_drop_below_-5%
2026-07-22,btc_dip24_v1,24,0,-1.379508845509403,0,no_signal,no_24h_drop_below_-5%
2026-07-23,btc_dip24_v1,24,0,-1.8308087265139994,0,no_signal,no_24h_drop_below_-5%
2026-07-24,btc_dip24_v1,24,0,-1.7181703247735713,0,no_signal,no_24h_drop_below_-5%
2026-07-25,btc_dip24_v1,24,0,-1.862827225130892,0,no_signal,no_24h_drop_below_-5%
2026-07-26,btc_dip24_v1,24,0,0.1021613510838737,0,no_signal,no_24h_drop_below_-5%
2026-07-27,btc_dip24_v1,24,0,0.07968974127396944,0,no_signal,no_24h_drop_below_-5%
2026-07-28,btc_dip24_v1,24,0,-3.2487587886198543,0,no_signal,no_24h_drop_below_-5%
2026-07-29,btc_dip24_v1,24,0,-2.475940136515875,0,no_signal,no_24h_drop_below_-5%
2026-07-30,btc_dip24_v1,24,0,-1.8920230839760577,0,no_signal,no_24h_drop_below_-5%
2026-07-31,btc_dip24_v1,24,0,-1.3701609395389336,0,no_signal,no_24h_drop_below_-5%
2026-08-01,btc_dip24_v1,24,0,-1.8582865856979436,0,no_signal,no_24h_drop_below_-5%
2026-08-02,btc_dip24_v1,24,0,-0.4937836169649934,0,no_signal,no_24h_drop_below_-5%
2026-08-03,btc_dip24_v1,24,0,-2.0306517613243646,0,no_signal,no_24h_drop_below_-5%
2026-08-04,btc_dip24_v1,24,0,-0.6695203600043942,0,no_signal,no_24h_drop_below_-5%
2026-08-05,btc_dip24_v1,24,0,0.03620326487625558,0,no_signal,no_24h_drop_below_-5%
2026-08-06,btc_dip24_v1,24,0,-0.06890441972634553,0,no_signal,no_24h_drop_below_-5%
2026-08-07,btc_dip24_v1,24,0,-1.1795429815016356,0,no_signal,no_24h_drop_below_-5%
2026-08-08,btc_dip24_v1,24,0,-0.6719376197943938,0,no_signal,no_24h_drop_below_-5%
2026-08-09,btc_dip24_v1,24,0,-0.3805358119190805,0,no_signal,no_24h_drop_below_-5%
2026-08-10,btc_dip24_v1,24,0,-0.5210666025802113,0,no_signal,no_24h_drop_below_-5%
2026-08-11,btc_dip24_v1,24,0,-1.8453561079762038,0,no_signal,no_24h_drop_below_-5%
2026-08-12,btc_dip24_v1,24,0,-1.3707650603070776,0,no_signal,no_24h_drop_below_-5%
2026-08-13,btc_dip24_v1,24,0,-0.8044883144475934,0,no_signal,no_24h_drop_below_-5%
2026-08-14,btc_dip24_v1,24,0,-1.759084342704742,0,no_signal,no_24h_drop_below_-5%
2026-08-15,btc_dip24_v1,24,0,-1.8709125834138307,0,no_signal,no_24h_drop_below_-5%
2026-08-16,btc_dip24_v1,24,0,-0.023518607698425065,0,no_signal,no_24h_drop_below_-5%
2026-08-17,btc_dip24_v1,24,0,-0.25983043823987195,0,no_signal,no_24h_drop_below_-5%
2026-08-18,btc_dip24_v1,24,0,0.3183756164353069,0,no_signal,no_24h_drop_below_-5%
2026-08-19,btc_dip24_v1,24,0,-0.695565630874706,0,no_signal,no_24h_drop_below_-5%
2026-08-20,btc_dip24_v1,24,0,0.18366785812482522,0,no_signal,no_24h_drop_below_-5%
2026-08-21,btc_dip24_v1,24,0,5.0377358490566015,0,no_signal,no_24h_drop_below_-5%
2026-08-22,btc_dip24_v1,24,0,-3.453419104526778,0,no_signal,no_24h_drop_below_-5%
2026-08-23,btc_dip24_v1,24,0,-2.1713522488011616,0,no_signal,no_24h_drop_below_-5%
2026-08-24,btc_dip24_v1,24,0,-0.5305714716525967,0,no_signal,no_24h_drop_below_-5%
2026-08-25,btc_dip24_v1,24,0,0.21470253605901934,0,no_signal,no_24h_drop_below_-5%
2026-08-26,btc_dip24_v1,24,0,-1.2947750114721157,0,no_signal,no_24h_drop_below_-5%
2026-08-27,btc_dip24_v1,24,0,-1.5009210609896684,0,no_signal,no_24h_drop_below_-5%
2026-08-28,btc_dip24_v1,24,0,-0.7054992764110035,0,no_signal,no_24h_drop_below_-5%
2026-08-29,btc_dip24_v1,24,0,-3.20941066011845,0,no_signal,no_24h_drop_below_-5%
2026-08-30,btc_dip24_v1,24,0,-1.6241362424506245,0,no_signal,no_24h_drop_below_-5%
2026-08-31,btc_dip24_v1,24,0,-1.945024768959891,0,no_signal,no_24h_drop_below_-5%
2026-09-01,btc_dip24_v1,24,0,-1.2873584133193838,0,no_signal,no_24h_drop_below_-5%
2026-09-02,btc_dip24_v1,24,0,-2.499235211776807,0,no_signal,no_24h_drop_below_-5%
2026-09-03,btc_dip24_v1,24,0,-1.8574990499318766,0,no_signal,no_24h_drop_below_-5%
2026-09-04,btc_dip24_v1,24,0,0.24272516681587142,0,no_signal,no_24h_drop_below_-5%
2026-09-05,btc_dip24_v1,24,0,-2.33180393811786,0,no_signal,no_24h_drop_below_-5%
2026-09-06,btc_dip24_v1,24,0,-0.27655677655678,0,no_signal,no_24h_drop_below_-5%
2026-09-07,btc_dip24_v1,24,0,-0.9875207452709978,0,no_signal,no_24h_drop_below_-5%
2026-09-08,btc_dip24_v1,24,0,-1.7932694533166704,0,no_signal,no_24h_drop_below_-5%
2026-09-09,btc_dip24_v1,24,0,-1.7713678176859426,0,no_signal,no_24h_drop_below_-5%
2026-09-10,btc_dip24_v1,24,0,-2.376193442226704,0,no_signal,no_24h_drop_below_-5%
2026-09-11,btc_dip24_v1,24,0,-1.5883160090975679,0,no_signal,no_24h_drop_below_-5%
2026-09-12,btc_dip24_v1,24,0,-2.1914701809496395,0,no_signal,no_24h_drop_below_-5%
2026-09-13,btc_dip24_v1,24,0,-1.2746722070921201,0,no_signal,no_24h_drop_below_-5%
2026-09-14,btc_dip24_v1,24,0,-0.5950907394359439,0,no_signal,no_24h_drop_below_-5%
2026-09-15,btc_dip24_v1,24,0,-1.6417235269725161,0,no_signal,no_24h_drop_below_-5%
2026-09-16,btc_dip24_v1,24,0,-3.3829626837542426,0,no_signal,no_24h_drop_below_-5%
2026-09-17,btc_dip24_v1,24,0,-1.3998591576102504,0,no_signal,no_24h_drop_below_-5%
2026-09-18,btc_dip24_v1,24,0,0.49912843031729714,0,no_signal,no_24h_drop_below_-5%
2026-09-19,btc_dip24_v1,24,0,1.1550494761350505,0,no_signal,no_24h_drop_below_-5%
2026-09-20,btc_dip24_v1,24,0,-1.8880774228236086,0,no_signal,no_24h_drop_below_-5%
2026-09-21,btc_dip24_v1,24,0,-0.9018700805049074,0,no_signal,no_24h_drop_below_-5%
2026-09-22,btc_dip24_v1,24,0,0.5771230502599645,0,no_signal,no_24h_drop_below_-5%
2026-09-23,btc_dip24_v1,24,0,-1.2576522117773603,0,no_signal,no_24h_drop_below_-5%
2026-09-24,btc_dip24_v1,24,0,-1.5579164695255665,0,no_signal,no_24h_drop_below_-5%
2026-09-25,btc_dip24_v1,24,0,-1.449149600833044,0,no_signal,no_24h_drop_below_-5%
2026-09-26,btc_dip24_v1,24,0,-1.4298752662001868,0,no_signal,no_24h_drop_below_-5%
2026-09-27,btc_dip24_v1,24,0,0.15642438462821762,0,no_signal,no_24h_drop_below_-5%
2026-09-28,btc_dip24_v1,24,0,-2.865935590134805,0,no_signal,no_24h_drop_below_-5%
2026-09-29,btc_dip24_v1,24,0,-1.8295652173913046,0,no_signal,no_24h_drop_below_-5%
2026-09-30,btc_dip24_v1,24,0,-0.9447227348624687,0,no_signal,no_24h_drop_below_-5%
