date,strategy,strategyVersion,code,signalTime,entryTime,entryPrice,flush60mPct,volumeRatio,reclaimClose,decisionReason,sample,exitTime,exitPrice,grossPnlPct,frictionPct,pnlPct,reason
2025-10-05,crypto,btc_flush_reclaim_v1,KRW-BTC,1845,1850,174910000.0,-1.556596047511194,2.09819531384321,174910000.0,60m_flush+previous_high_reclaim+volume,design,2015,175306000.0,0.22640214967697414,0.14,0.08640214967697413,time_exit
2025-10-11,crypto,btc_flush_reclaim_v1,KRW-BTC,630,635,172000000.0,-3.5439119402040364,1.8929143871232217,172000000.0,60m_flush+previous_high_reclaim+volume,design,635,170796000.0,-0.7000000000000006,0.14,-0.8400000000000006,stop
2025-10-30,crypto,btc_flush_reclaim_v1,KRW-BTC,1335,1340,164421000.0,-1.670042627807844,3.0341069650749835,164421000.0,60m_flush+previous_high_reclaim+volume,design,1355,163270053.0,-0.7000000000000006,0.14,-0.8400000000000006,stop
2025-11-04,crypto,btc_flush_reclaim_v1,KRW-BTC,1500,1505,156707000.0,-2.5422138836773023,2.039080905387043,156709000.0,60m_flush+previous_high_reclaim+volume,design,1540,155610051.0,-0.7000000000000006,0.14,-0.8400000000000006,stop
2025-11-05,crypto,btc_flush_reclaim_v1,KRW-BTC,645,650,148700000.0,-2.047698075282822,1.582138914382945,148686000.0,60m_flush+previous_high_reclaim+volume,design,700,150781800.0,1.4000000000000012,0.14,1.2600000000000011,take_profit
2025-11-07,crypto,btc_flush_reclaim_v1,KRW-BTC,150,155,151499000.0,-1.7745840920512457,1.614772649246362,151499000.0,60m_flush+previous_high_reclaim+volume,design,320,151583000.0,0.055445910534057674,0.14,-0.08455408946594234,time_exit
2025-11-14,crypto,btc_flush_reclaim_v1,KRW-BTC,2145,2150,144407000.0,-1.8542519560849513,1.604634007825071,144346000.0,60m_flush+previous_high_reclaim+volume,design,2220,143396151.0,-0.7000000000000006,0.14,-0.8400000000000006,stop
2025-11-17,crypto,btc_flush_reclaim_v1,KRW-BTC,710,715,139457000.0,-1.5156572938343826,2.0852310037458004,139457000.0,60m_flush+previous_high_reclaim+volume,design,840,140511000.0,0.7557885226270544,0.14,0.6157885226270544,time_exit
2025-11-18,crypto,btc_flush_reclaim_v1,KRW-BTC,1120,1125,135810000.0,-1.5574963609898074,1.5978948542363312,135810000.0,60m_flush+previous_high_reclaim+volume,design,1200,134859330.0,-0.7000000000000006,0.14,-0.8400000000000006,stop
2025-11-21,crypto,btc_flush_reclaim_v1,KRW-BTC,2130,2135,122867000.0,-2.352224351214194,1.691650827694646,122869000.0,60m_flush+previous_high_reclaim+volume,design,2140,124587138.0,1.4000000000000012,0.14,1.2600000000000011,take_profit
2025-12-08,crypto,btc_flush_reclaim_v1,KRW-BTC,655,700,134813000.0,-1.6487223868336898,2.9782570317579675,134814000.0,60m_flush+previous_high_reclaim+volume,design,705,133869309.0,-0.7000000000000006,0.14,-0.8400000000000006,stop
2026-02-02,crypto,btc_flush_reclaim_v1,KRW-BTC,1245,1250,112375000.0,-3.06731266263065,1.6823685279107417,112372000.0,60m_flush+previous_high_reclaim+volume,design,1310,111588375.0,-0.7000000000000006,0.14,-0.8400000000000006,stop
2026-02-03,crypto,btc_flush_reclaim_v1,KRW-BTC,1205,1210,115300000.0,-1.6863753213367638,2.1664396473610954,115343000.0,60m_flush+previous_high_reclaim+volume,design,1335,116100000.0,0.6938421509106618,0.14,0.5538421509106618,time_exit
2026-02-05,crypto,btc_flush_reclaim_v1,KRW-BTC,210,215,108967000.0,-1.6557619056297712,3.329754295227455,108888000.0,60m_flush+previous_high_reclaim+volume,design,220,108204231.0,-0.7000000000000006,0.14,-0.8400000000000006,stop
2026-02-06,crypto,btc_flush_reclaim_v1,KRW-BTC,220,225,99765000.0,-2.633663366336636,2.491255346284079,99765000.0,60m_flush+previous_high_reclaim+volume,design,230,99066645.0,-0.7000000000000006,0.14,-0.8400000000000006,stop
2026-02-24,crypto,btc_flush_reclaim_v1,KRW-BTC,1020,1025,94645000.0,-1.8901025458950338,1.6896615708873235,94645000.0,60m_flush+previous_high_reclaim+volume,design,1150,94168000.0,-0.5039885889376094,0.14,-0.6439885889376095,time_exit
2026-02-26,crypto,btc_flush_reclaim_v1,KRW-BTC,755,800,98547000.0,-1.5603349599373484,1.529632638068613,98547000.0,60m_flush+previous_high_reclaim+volume,design,840,97857171.0,-0.7000000000000006,0.14,-0.8400000000000006,stop
2026-06-05,crypto,btc_flush_reclaim_v1,KRW-BTC,1505,1510,94036000.0,-1.752856662745761,1.5028206931952892,93999000.0,60m_flush+previous_high_reclaim+volume,design,1515,93377748.0,-0.7000000000000006,0.14,-0.8400000000000006,stop
2026-06-06,crypto,btc_flush_reclaim_v1,KRW-BTC,110,115,92767000.0,-1.6329302205264185,4.010134574208966,92767000.0,60m_flush+previous_high_reclaim+volume,design,240,92359000.0,-0.43981157092500833,0.14,-0.5798115709250083,time_exit
2026-08-22,crypto,btc_flush_reclaim_v1,KRW-BTC,1925,1930,104587000.0,-1.754352798835468,2.0397743247024995,104587000.0,60m_flush+previous_high_reclaim+volume,design,2055,105503000.0,0.8758258674596231,0.14,0.7358258674596231,time_exit
2026-09-16,crypto,btc_flush_reclaim_v1,KRW-BTC,350,355,103897000.0,-2.437079302389611,1.902218523992593,103896000.0,60m_flush+previous_high_reclaim+volume,design,520,103602000.0,-0.28393505106018013,0.14,-0.42393505106018015,time_exit
