date,strategy,strategyVersion,code,name,rank,signalTime,entryTime,entryPrice,sessionRetPct,marketRetPct,relativeStrengthPctPoint,signalVwap,volumeRatio,decisionReason,sample,exitTime,exitPrice,grossPnlPct,frictionPct,pnlPct,reason
2026-09-29,daytrading,day_rs_vwap_reclaim_v1,003230,삼양식품,100,1009,1010,1233000.0,1.6488046166529324,-0.3302314115798288,1.9790360282327613,1231377.829638273,1.8717139852786542,relative_strength+vwap_reclaim+prior3_break+volume,design,1048,1223136.0,-0.8000000000000007,0.25,-1.0500000000000007,stop
2026-09-29,daytrading,day_rs_vwap_reclaim_v1,298040,효성중공업,49,1014,1015,2807000.0,1.3723365836041834,-0.2919850082791775,1.664321591883361,2800562.549800797,3.191126279863481,relative_strength+vwap_reclaim+prior3_break+volume,design,1114,2821000.0,0.4987531172069737,0.25,0.24875311720697368,time_exit
2026-09-29,daytrading,day_rs_vwap_reclaim_v1,178320,서진시스템,73,1014,1015,36000.0,0.8403361344537785,-0.2919850082791775,1.132321142732956,35911.69919735921,4.918151435809013,relative_strength+vwap_reclaim+prior3_break+volume,design,1114,36250.0,0.694444444444442,0.25,0.444444444444442,time_exit
2026-09-30,daytrading,day_rs_vwap_reclaim_v1,327260,RF머트리얼즈,39,1025,1026,51600.0,1.9646365422396839,0.6987847933423497,1.2658517488973342,51702.467531117865,4.073636076947335,relative_strength+vwap_reclaim+prior3_break+volume,design,1029,51187.2,-0.8000000000000007,0.25,-1.0500000000000007,stop
2026-09-30,daytrading,day_rs_vwap_reclaim_v1,018880,한온시스템,30,1040,1041,3540.0,4.424778761061954,0.28496944561376414,4.13980931544819,3518.6795730626986,1.5628181807083297,relative_strength+vwap_reclaim+prior3_break+volume,design,1053,3511.68,-0.8000000000000007,0.25,-1.0500000000000007,stop
2026-09-30,daytrading,day_rs_vwap_reclaim_v1,082740,한화엔진,51,1051,1052,49400.0,3.9957939011566745,0.31644201729578714,3.679351883860887,49366.73262543945,1.5809232840535432,relative_strength+vwap_reclaim+prior3_break+volume,design,1151,49400.0,0.0,0.25,-0.25,time_exit
2026-10-01,daytrading,day_rs_vwap_reclaim_v1,043260,성호전자,28,1006,1007,27250.0,3.4220532319391594,1.6265505727646956,1.7955026591744638,27056.48345389565,1.7595491139125172,relative_strength+vwap_reclaim+prior3_break+volume,outOfSample,1010,27032.0,-0.8000000000000007,0.25,-1.0500000000000007,stop
2026-10-01,daytrading,day_rs_vwap_reclaim_v1,232140,와이씨,48,1010,1011,15270.0,4.804392587508577,1.6848643609189695,3.1195282265896074,15268.018030507545,1.803542037000461,relative_strength+vwap_reclaim+prior3_break+volume,outOfSample,1011,15514.32,1.6000000000000014,0.25,1.3500000000000014,take_profit
2026-10-01,daytrading,day_rs_vwap_reclaim_v1,039030,이오테크닉스,77,1015,1016,533000.0,4.093567251461994,1.86945304729762,2.2241142041643736,533224.623897631,1.4364466845172468,relative_strength+vwap_reclaim+prior3_break+volume,outOfSample,1026,541528.0,1.6000000000000014,0.25,1.3500000000000014,take_profit
2026-10-02,daytrading,day_rs_vwap_reclaim_v1,010170,대한광통신,11,1010,1011,17910.0,2.5186033199771085,0.8126004980494095,1.706002821927699,17898.340574232683,1.3986253612896176,relative_strength+vwap_reclaim+prior3_break+volume,outOfSample,1031,17766.72,-0.7999999999999896,0.25,-1.0499999999999896,stop
2026-10-02,daytrading,day_rs_vwap_reclaim_v1,036930,주성엔지니어링,14,1018,1019,248500.0,2.4691358024691468,1.1098497470498625,1.3592860554192843,248790.66291254445,3.5254534015373253,relative_strength+vwap_reclaim+prior3_break+volume,outOfSample,1027,246512.0,-0.8000000000000007,0.25,-1.0500000000000007,stop
2026-10-02,daytrading,day_rs_vwap_reclaim_v1,086790,하나금융지주,89,1036,1037,128600.0,1.09976433621366,0.07837090334907315,1.0213934328645868,128501.99780371186,1.7322486025790027,relative_strength+vwap_reclaim+prior3_break+volume,outOfSample,1136,129100.0,0.38880248833592645,0.25,0.13880248833592645,time_exit
