date,strategy,strategyVersion,action,trades,decisionReason
2026-09-21,opening,opening_gapdown_reclaim_v1,no_trade,0,no_gapdown_reclaim_signal
2026-09-22,opening,opening_gapdown_reclaim_v1,no_trade,0,no_gapdown_reclaim_signal
2026-09-23,opening,opening_gapdown_reclaim_v1,no_trade,0,no_gapdown_reclaim_signal
2026-09-24,opening,opening_gapdown_reclaim_v1,trade,2,qualified_reclaims
2026-09-25,opening,opening_gapdown_reclaim_v1,trade,2,qualified_reclaims
2026-09-29,opening,opening_gapdown_reclaim_v1,no_trade,0,no_gapdown_reclaim_signal
2026-09-30,opening,opening_gapdown_reclaim_v1,no_trade,0,no_gapdown_reclaim_signal
2026-10-01,opening,opening_gapdown_reclaim_v1,trade,1,qualified_reclaims
2026-10-02,opening,opening_gapdown_reclaim_v1,no_trade,0,no_gapdown_reclaim_signal
2026-10-06,opening,opening_gapdown_reclaim_v1,no_trade,0,no_gapdown_reclaim_signal
2026-10-07,opening,opening_gapdown_reclaim_v1,trade,1,qualified_reclaims
