date,strategyVersion,code,name,entryTime,entryPrice,exitTime,exitPrice,reason,pnl
"2026-09-22","opening_rebreak_v1","222800","심텍",907,148700,909,151900,"익절",1.901983860121054
"2026-09-22","opening_rebreak_v1","353200","대덕전자",907,118100,915,116900,"손절",-1.2660880609652811
"2026-09-22","opening_rebreak_v1","011070","LG이노텍",909,555500,924,548000,"손절",-1.6001350135013523
"2026-09-22","opening_rebreak_v1","0193T0","KODEX SK하이닉스단일종목레버리지",910,12795,924,12650,"손절",-1.383255177803827
"2026-09-22","opening_rebreak_v1","487240","KODEX AI전력핵심설비",910,38265,930,38487,"09:30 청산",0.33016464131713796
"2026-09-22","opening_rebreak_v1","006800","미래에셋증권",912,33950,921,34600,"익절",1.6645802650957222
"2026-09-22","opening_rebreak_v1","440110","파두",916,71700,917,70500,"손절",-1.923640167364021
"2026-09-23","opening_rebreak_v1","010060","OCI홀딩스",909,202500,911,200250,"손절",-1.3611111111111072
"2026-09-23","opening_rebreak_v1","233740","KODEX 코스닥150레버리지",925,7015,930,7000,"09:30 청산",-0.4638275124732747
"2026-09-23","opening_rebreak_v1","240810","원익IPS",925,142600,930,142400,"09:30 청산",-0.3902524544179551
"2026-09-23","opening_rebreak_v1","403870","HPSP",927,55900,930,55500,"09:30 청산",-0.9655635062611854
"2026-09-23","opening_rebreak_v1","005935","삼성전자우",929,219750,930,220000,"09:30 청산",-0.13623435722412403
"2026-09-28","opening_rebreak_v1","178320","서진시스템",910,35400,914,36200,"익절",2.009887005649719
"2026-09-28","opening_rebreak_v1","010060","OCI홀딩스",916,230000,923,227500,"손절",-1.3369565217391353
"2026-09-30","opening_rebreak_v1","089970","브이엠",907,65800,911,65000,"손절",-1.4658054711246202
"2026-09-30","opening_rebreak_v1","327260","RF머트리얼즈",929,52800,930,52900,"09:30 청산",-0.06060606060605522
"2026-10-02","opening_rebreak_v1","043260","성호전자",910,32400,918,31800,"손절",-2.853456790123454
"2026-10-02","opening_rebreak_v1","010170","대한광통신",911,18250,914,18020,"손절",-1.7642465753424694
"2026-10-02","opening_rebreak_v1","327260","RF머트리얼즈",911,55100,915,56100,"익절",0.6774410163339477
"2026-10-02","opening_rebreak_v1","042700","한미반도체",930,278500,930,278500,"09:30 청산",-1.1276660682226212
"2026-10-06","opening_rebreak_v1","009150","삼성전기",909,1649000,930,1675000,"익절",1.043499090357787
"2026-10-06","opening_rebreak_v1","036930","주성엔지니어링",912,251500,916,256000,"익절",0.5652286282306058
"2026-10-06","opening_rebreak_v1","028300","HLB",913,49350,914,48800,"손절",-1.8510739614994982
"2026-10-06","opening_rebreak_v1","233740","KODEX 코스닥150레버리지",917,8510,930,8620,"09:30 청산",0.4750528789659276
"2026-10-06","opening_rebreak_v1","007660","이수페타시스",921,133600,930,133200,"09:30 청산",-0.9036526946107752
"2026-10-06","opening_rebreak_v1","011070","LG이노텍",929,610000,930,613000,"09:30 청산",-0.5578688524590225
"2026-10-06","opening_rebreak_v1","066970","엘앤에프",930,119800,930,119800,"09:30 청산",-0.6473622704507512
"2026-10-07","opening_rebreak_v1","192820","코스맥스",910,317000,912,310500,"손절",-3.0691167192429005
"2026-10-07","opening_rebreak_v1","281820","케이씨텍",922,122200,929,120500,"손절",-2.0303273322422264
"2026-10-08","opening_rebreak_v1","033790","피노",920,10330,922,10600,"익절",1.8997192642787901
"2026-10-08","opening_rebreak_v1","373220","LG에너지솔루션",921,411000,930,411000,"09:30 청산",-0.8382725060827251
"2026-10-08","opening_rebreak_v1","003670","포스코퓨처엠",929,197400,930,197200,"09:30 청산",-0.5846099290780096
